event,round,player,playerId,teamId,course,hole,shot,shotDistance_yds,distanceToPin_yds,shotDistance_m,distanceToPin_m,lieAfterShot,lieAfterShotCode,lieBeforeShot,lieBeforeShotCode,ballHoled,eventType,holeScore,timestamp,isProvisional,provisionalIndex,isProvisionalSelected,isBallDrop,x,z,seqNum,commentary,source
alfred-dunhill-links-championship-2026,3,Cam Smith,3968,82,Old Course,1,1,239.7,127.3,219.22,116.38,Fairway,OFW,,,False,DetailedLie,,2026-10-03T08:46:32.000Z,False,0,False,False,511969.1789984365,6244309.278587683,6,"Cam Smith (T64) finds the fairway with a 239-yard drive, leaving 127 yards to the hole on first.",feed
alfred-dunhill-links-championship-2026,3,Cam Smith,3968,82,Old Course,1,2,131.5,7.6,120.22,6.96,Green,OGR,Fairway,OFW,False,DetailedLie,,2026-10-03T08:50:17.000Z,False,0,False,False,511861.14249854535,6244362.498847461,10,Smith's approach from the fairway leaves him 23 feet from the hole on the first.,feed
alfred-dunhill-links-championship-2026,3,Cam Smith,3968,82,Old Course,1,3,7.2,0.5,6.54,0.46,Green,OGR,Green,OGR,False,DetailedLie,,2026-10-03T08:54:28.000Z,False,0,False,False,511866.79104323674,6244365.817207403,14,"Smith missed a 23-foot putt for birdie, leaving two feet for par on the first hole.",feed
alfred-dunhill-links-championship-2026,3,Cam Smith,3968,82,Old Course,1,4,0.5,,0.46,,,,,,True,BallHoled,Par,2026-10-03T08:56:20.000Z,False,0,False,False,511867.2530908833,6244365.849064033,17,Smith holed a short putt from about two feet for par on the first.,feed
alfred-dunhill-links-championship-2026,3,Cam Smith,3968,82,Old Course,2,1,280.6,158.7,256.61,145.08,Fairway,OFW,,,False,DetailedLie,,2026-10-03T08:59:47.000Z,False,0,False,False,511712.50666300685,6244522.272987019,24,"Cam Smith (T66) finds the fairway with a 280-yard drive, leaving 158 yards to the hole on the second.",feed
alfred-dunhill-links-championship-2026,3,Cam Smith,3968,82,Old Course,2,2,151.3,12.4,138.34,11.36,Green,OGR,Fairway,OFW,False,DetailedLie,,2026-10-03T09:04:23.000Z,False,0,False,False,511622.24756734853,6244627.29849401,28,"Smith's approach from the fairway finds the green, leaving 37 feet for his birdie putt.",feed
alfred-dunhill-links-championship-2026,3,Cam Smith,3968,82,Old Course,2,3,13.7,1.3,12.51,1.15,Green,OGR,Green,OGR,False,DetailedLie,,2026-10-03T09:10:30.000Z,False,0,False,False,511625.35920637235,6244639.416566551,32,"Smith missed a 37-foot putt for birdie, leaving a four-foot putt for par on the second hole.",feed
alfred-dunhill-links-championship-2026,3,Cam Smith,3968,82,Old Course,2,4,1.5,0.3,1.4,0.26,Green,OGR,Green,OGR,False,DetailedLie,,2026-10-03T09:13:12.000Z,False,0,False,False,511625.1920397541,6244638.026028026,37,"Smith missed a four-foot putt for par, leaving about ten inches, losing 0.82 strokes *putting*.",feed
alfred-dunhill-links-championship-2026,3,Cam Smith,3968,82,Old Course,2,5,0.3,,0.26,,,,,,True,BallHoled,Bogey,2026-10-03T09:13:14.000Z,False,0,False,False,511625.16832978255,6244638.280602144,40,Smith holes the putt for bogey on the second.,feed
alfred-dunhill-links-championship-2026,3,Cam Smith,3968,82,Old Course,3,1,294.5,117.2,269.33,107.13,Fairway Bunker,OST,,,False,DetailedLie,,2026-10-03T09:17:35.000Z,False,0,False,False,511573.6718302885,6244846.463148933,46,"Cam Smith (T82) finds the fairway bunker with a 294-yard drive, leaving 117 yards to the hole on the third.",feed
alfred-dunhill-links-championship-2026,3,Cam Smith,3968,82,Old Course,3,2,40.6,77.0,37.16,70.43,Fairway,OFW,,,False,DetailedLie,,2026-10-03T09:21:22.000Z,False,0,False,False,511555.65878786903,6244878.992481063,50,"Smith's approach from the fairway bunker leaves him 77 yards to the hole, losing 0.55 strokes *approach*.",feed
alfred-dunhill-links-championship-2026,3,Cam Smith,3968,82,Old Course,3,3,77.1,1.4,70.55,1.27,Green,OGR,Fairway,OFW,False,DetailedLie,,2026-10-03T09:23:44.000Z,False,0,False,False,511511.1187872441,6244933.784635605,54,"Smith hits an approach from the fairway to four feet, gaining 0.56 strokes *approach* on the third hole.",feed
alfred-dunhill-links-championship-2026,3,Cam Smith,3968,82,Old Course,3,4,1.4,,1.27,,,,,,True,BallHoled,Par,2026-10-03T09:27:54.000Z,False,0,False,False,511510.2198417968,6244932.889855449,57,Smith holed a four-foot putt for par on the third.,feed
alfred-dunhill-links-championship-2026,3,Cam Smith,3968,82,Old Course,4,1,309.6,169.0,283.09,154.52,Fairway,OFW,,,False,DetailedLie,,2026-10-03T09:33:41.000Z,False,0,False,False,511463.1828939015,6245107.284869534,63,"Cam Smith (T88) finds the fairway with a 309-yard drive, leaving 168 yards to the hole on the fourth.",feed
alfred-dunhill-links-championship-2026,3,Cam Smith,3968,82,Old Course,4,2,161.8,8.4,147.94,7.71,Green,OGR,Fairway,OFW,False,DetailedLie,,2026-10-03T09:37:55.000Z,False,0,False,False,511394.6803610949,6245238.496268865,67,"Smith's approach from the fairway finds the green, leaving 25 feet for birdie.",feed
alfred-dunhill-links-championship-2026,3,Cam Smith,3968,82,Old Course,4,3,8.4,,7.71,,,,,,True,BallHoled,Birdie,2026-10-03T09:43:57.000Z,False,0,False,False,511395.2957563641,6245246.182090898,70,"Smith holed a 25-foot putt for birdie, gaining 0.94 strokes *putting* — best putting on the hole this week.",feed
alfred-dunhill-links-championship-2026,3,Cam Smith,3968,82,Old Course,5,1,298.3,234.2,272.78,214.14,Fairway,OFW,,,False,DetailedLie,,2026-10-03T09:49:59.000Z,False,0,False,False,511296.5231649231,6245433.592387722,76,"Cam Smith (T68) finds the fairway with a 298-yard drive, leaving 234 yards to the hole on the fifth.",feed
alfred-dunhill-links-championship-2026,3,Cam Smith,3968,82,Old Course,5,2,246.0,16.7,224.98,15.29,Green,OGR,Fairway,OFW,False,DetailedLie,,2026-10-03T09:57:28.000Z,False,0,False,False,511159.35898002074,6245612.177819386,80,"Smith's approach from the fairway finds the green, leaving fifty feet for eagle.",feed
alfred-dunhill-links-championship-2026,3,Cam Smith,3968,82,Old Course,5,3,17.4,0.6,15.87,0.58,Green,OGR,Green,OGR,False,DetailedLie,,2026-10-03T10:02:24.000Z,False,0,False,False,511175.0801752911,6245609.793450502,84,"Smith missed a 50-foot putt for eagle, leaving about two feet for birdie.",feed
alfred-dunhill-links-championship-2026,3,Cam Smith,3968,82,Old Course,5,4,0.6,,0.58,,,,,,True,BallHoled,Birdie,2026-10-03T10:05:46.000Z,False,0,False,False,511174.4950014492,6245609.763879461,87,Smith holed a two-foot putt for birdie on the fifth.,feed
alfred-dunhill-links-championship-2026,3,Cam Smith,3968,82,Old Course,6,1,281.7,136.8,257.58,125.1,Fairway,OFW,,,False,DetailedLie,,2026-10-03T10:09:35.000Z,False,0,False,False,510993.3659849258,6245761.277403052,93,"Cam Smith (T59) finds the fairway with a 281-yard drive, leaving 136 yards to the hole on the sixth.",feed
alfred-dunhill-links-championship-2026,3,Cam Smith,3968,82,Old Course,6,2,122.3,14.6,111.79,13.34,Fairway,OFW,,,False,DetailedLie,,2026-10-03T10:15:19.000Z,False,0,False,False,510929.4438158814,6245853.09137558,97,"Smith's approach from the fairway finds the fairway, leaving 14 yards to the hole.",feed
alfred-dunhill-links-championship-2026,3,Cam Smith,3968,82,Old Course,6,3,15.6,1.0,14.23,0.89,Green,OGR,Fairway,OFW,False,DetailedLie,,2026-10-03T10:20:15.000Z,False,0,False,False,510922.006227269,6245865.228499442,101,Smith chipped from the fairway to inside three feet for par on the sixth.,feed
alfred-dunhill-links-championship-2026,3,Cam Smith,3968,82,Old Course,6,4,1.0,,0.89,,,,,,True,BallHoled,Par,2026-10-03T10:22:35.000Z,False,0,False,False,510922.5464888248,6245864.524408698,104,Smith holed a three-foot putt for par on the sixth.,feed
alfred-dunhill-links-championship-2026,3,Cam Smith,3968,82,Old Course,7,1,307.4,110.9,281.12,101.37,Fairway,OFW,,,False,DetailedLie,,2026-10-03T10:31:50.000Z,False,0,False,False,510828.8531402699,6246096.397192014,110,"Cam Smith (T60) finds the fairway with a 307-yard drive, leaving 110 yards to the hole on the seventh.",feed
alfred-dunhill-links-championship-2026,3,Cam Smith,3968,82,Old Course,7,2,112.4,3.4,102.78,3.1,Green,OGR,Fairway,OFW,False,DetailedLie,,2026-10-03T10:33:40.000Z,False,0,False,False,510853.4524693424,6246196.210084966,114,"Smith's approach from the fairway finds the green, leaving a ten-foot putt for birdie.",feed
alfred-dunhill-links-championship-2026,3,Cam Smith,3968,82,Old Course,7,3,3.4,0.1,3.1,0.06,Green,OGR,Green,OGR,False,DetailedLie,,2026-10-03T10:39:45.000Z,False,0,False,False,510855.74172959756,6246194.10747935,118,"Smith missed a ten-footer for birdie, leaving two inches for par on the seventh.",feed
alfred-dunhill-links-championship-2026,3,Cam Smith,3968,82,Old Course,7,4,0.1,,0.06,,,,,,True,BallHoled,Par,2026-10-03T10:39:50.000Z,False,0,False,False,510855.7726923584,6246194.154135481,121,Smith holed the putt for par on the seventh.,feed
alfred-dunhill-links-championship-2026,3,Cam Smith,3968,82,Old Course,8,1,196.7,28.4,179.83,25.94,Fairway,OFW,,,False,DetailedLie,,2026-10-03T10:43:56.000Z,False,0,False,False,511000.0512382603,6246138.231256792,127,"Cam Smith (T59) misses the green with an approach shot, leaving 28 yards in the fairway, losing 0.51 strokes *approach*.",feed
alfred-dunhill-links-championship-2026,3,Cam Smith,3968,82,Old Course,8,2,26.6,1.8,24.34,1.6,Green,OGR,Fairway,OFW,False,DetailedLie,,2026-10-03T10:49:01.000Z,False,0,False,False,510977.0255615019,6246130.204427515,131,Smith chips to five feet for par on the eighth.,feed
alfred-dunhill-links-championship-2026,3,Cam Smith,3968,82,Old Course,8,3,2.2,0.5,2.04,0.45,Green,OGR,Green,OGR,False,DetailedLie,,2026-10-03T10:52:07.000Z,False,0,False,False,510975.0380521259,6246129.732826177,135,"Smith missed a five-footer for par, leaving an eighteen-inch putt for bogey, losing 0.75 strokes *putting*.",feed
alfred-dunhill-links-championship-2026,3,Cam Smith,3968,82,Old Course,8,4,0.5,,0.45,,,,,,True,BallHoled,Bogey,2026-10-03T10:52:10.000Z,False,0,False,False,510975.4933831304,6246129.72251625,138,Smith holed a short putt from 18 inches for bogey on the eighth.,feed
alfred-dunhill-links-championship-2026,3,Cam Smith,3968,82,Old Course,9,1,281.1,79.6,257.01,72.82,Native Area,ONA,,,False,DetailedLie,,2026-10-03T10:56:28.000Z,False,0,False,False,511132.87354075455,6246016.594719807,145,"Cam Smith (T83) finds the native area with a 281-yard drive, leaving 79 yards to the hole on the ninth.",feed
alfred-dunhill-links-championship-2026,3,Cam Smith,3968,82,Old Course,9,2,54.0,25.7,49.35,23.5,Greenside Bunker,OGS,,,False,DetailedLie,,2026-10-03T11:01:06.000Z,False,0,False,False,511157.30726673605,6245973.678109749,150,"Smith's approach from the native area finds the greenside bunker, leaving 26 yards to the hole, losing 0.43 strokes *approach*.",feed
alfred-dunhill-links-championship-2026,3,Cam Smith,3968,82,Old Course,9,3,25.1,0.6,22.94,0.57,Green,OGR,Greenside Bunker,OGS,False,DetailedLie,,2026-10-03T11:03:54.000Z,False,0,False,False,511169.8395771919,6245954.445753314,154,"Smith plays a bunker shot from 25 yards to inside two feet, gaining 0.52 strokes *around the green*.",feed
alfred-dunhill-links-championship-2026,3,Cam Smith,3968,82,Old Course,9,4,0.6,,0.57,,,,,,True,BallHoled,Par,2026-10-03T11:06:53.000Z,False,0,False,False,511170.2500937319,6245954.045337732,158,Smith holed a two-foot putt for par on the ninth.,feed
alfred-dunhill-links-championship-2026,3,Cam Smith,3968,82,Old Course,10,1,268.1,123.4,245.18,112.8,Fairway,OFW,,,False,DetailedLie,,2026-10-03T11:15:19.000Z,False,0,False,False,511053.7419687131,6246062.373009527,164,"Cam Smith (T86) finds the fairway with a 268-yard drive, leaving 123 yards to the hole.",feed
alfred-dunhill-links-championship-2026,3,Cam Smith,3968,82,Old Course,10,2,120.2,3.3,109.95,3.06,Green,OGR,Fairway,OFW,False,DetailedLie,,2026-10-03T11:18:53.000Z,False,0,False,False,510948.32267087465,6246094.389413073,168,"Smith's approach from the fairway finds the green, leaving a ten-foot putt for birdie.",feed
alfred-dunhill-links-championship-2026,3,Cam Smith,3968,82,Old Course,10,3,3.6,0.3,3.29,0.24,Green,OGR,Green,OGR,False,DetailedLie,,2026-10-03T11:24:05.000Z,False,0,False,False,510945.0293649933,6246094.175687864,172,"Smith missed a ten-footer for birdie, leaving about ten inches for par.",feed
alfred-dunhill-links-championship-2026,3,Cam Smith,3968,82,Old Course,10,4,0.3,,0.24,,,,,,True,BallHoled,Par,2026-10-03T11:24:07.000Z,False,0,False,False,510945.26776733244,6246094.120269859,175,Smith holed a short putt for par on the tenth.,feed
alfred-dunhill-links-championship-2026,3,Cam Smith,3968,82,Old Course,11,1,180.1,2.0,164.7,1.79,Green,OGR,,OBU,False,DetailedLie,,2026-10-03T11:36:33.000Z,False,0,False,False,510818.3329604368,6246145.881652467,181,"Cam Smith (T85) leaves a six-foot putt for birdie on the 11th, gaining 0.67 strokes *approach*.",feed
alfred-dunhill-links-championship-2026,3,Cam Smith,3968,82,Old Course,11,2,2.1,0.2,1.96,0.18,Green,OGR,Green,OGR,False,DetailedLie,,2026-10-03T11:43:33.000Z,False,0,False,False,510818.9953833667,6246144.036112373,185,"Smith missed a six-footer for birdie, leaving seven inches, losing 0.63 strokes *putting*.",feed
alfred-dunhill-links-championship-2026,3,Cam Smith,3968,82,Old Course,11,3,0.2,,0.18,,,,,,True,BallHoled,Par,2026-10-03T11:43:39.000Z,False,0,False,False,510818.8811266772,6246144.175733334,188,Smith holed a short putt to make par on the 11th.,feed
alfred-dunhill-links-championship-2026,3,Cam Smith,3968,82,Old Course,12,1,275.7,76.6,252.12,70.07,Intermediate Rough,OIR,,,False,DetailedLie,,2026-10-03T11:49:30.000Z,False,0,False,False,510849.68267860357,6245905.7662768895,194,"Cam Smith (T86) finds the intermediate rough with a 275-yard drive, leaving 76 yards to the hole on twelve.",feed
alfred-dunhill-links-championship-2026,3,Cam Smith,3968,82,Old Course,12,2,64.2,12.6,58.72,11.54,Green,OGR,Intermediate Rough,OIR,False,DetailedLie,,2026-10-03T11:53:57.000Z,False,0,False,False,510854.0428910321,6245847.197987233,198,"Smith's approach from the intermediate rough finds the green, leaving 38 feet for birdie.",feed
alfred-dunhill-links-championship-2026,3,Cam Smith,3968,82,Old Course,12,3,11.5,1.4,10.53,1.28,Green,OGR,Green,OGR,False,DetailedLie,,2026-10-03T11:56:36.000Z,False,0,False,False,510856.2082525365,6245836.8945079325,202,"Smith missed a 38-foot putt for birdie, leaving a four-foot putt for par on the 12th.",feed
alfred-dunhill-links-championship-2026,3,Cam Smith,3968,82,Old Course,12,4,1.4,,1.28,,,,,,True,BallHoled,Par,2026-10-03T12:00:30.000Z,False,0,False,False,510857.21480923856,6245836.096062048,205,Smith holed a four-foot putt for par on the 12th.,feed
alfred-dunhill-links-championship-2026,3,Cam Smith,3968,82,Old Course,13,1,319.5,118.9,292.18,108.68,Intermediate Rough,OIR,,,False,DetailedLie,,2026-10-03T12:06:59.000Z,False,0,False,False,511030.1291822943,6245699.509226442,211,"Cam Smith (T86) finds the intermediate rough with a 319-yard drive, leaving 118 yards to the hole.",feed
alfred-dunhill-links-championship-2026,3,Cam Smith,3968,82,Old Course,13,2,101.3,17.7,92.64,16.21,Native Area,ONA,,,False,DetailedLie,,2026-10-03T12:13:45.000Z,False,0,False,False,511107.2777842987,6245647.969067627,216,"Smith's approach from the rough finds the native area, leaving 17 yards to the hole, losing 1.00 strokes *approach*.",feed
alfred-dunhill-links-championship-2026,3,Cam Smith,3968,82,Old Course,13,3,16.3,1.5,14.89,1.33,Green,OGR,Native Area,ONA,False,DetailedLie,,2026-10-03T12:16:10.000Z,False,0,False,False,511118.16593694966,6245637.791135502,220,"Smith chips to four feet for par, gaining 0.45 strokes *around the green*.",feed
alfred-dunhill-links-championship-2026,3,Cam Smith,3968,82,Old Course,13,4,1.5,,1.33,,,,,,True,BallHoled,Par,2026-10-03T12:19:59.000Z,False,0,False,False,511119.2040492798,6245636.960638736,223,Smith holed a four-foot putt for par on the 13th.,feed
alfred-dunhill-links-championship-2026,3,Cam Smith,3968,82,Old Course,14,1,329.7,230.5,301.44,210.75,Intermediate Rough,OIR,,,False,DetailedLie,,2026-10-03T12:40:13.000Z,False,0,False,False,511242.5862527857,6245421.601117753,229,"Cam Smith (T83) finds the intermediate rough with a 329-yard drive, leaving 230 yards to the hole.",feed
alfred-dunhill-links-championship-2026,3,Cam Smith,3968,82,Old Course,14,2,203.9,28.9,186.43,26.43,Fairway,OFW,,,False,DetailedLie,,2026-10-03T12:49:38.000Z,False,0,False,False,511337.70667207043,6245261.126453214,233,"Smith's approach from the intermediate rough finds the fairway, leaving 26 yards to the hole on fourteen.",feed
alfred-dunhill-links-championship-2026,3,Cam Smith,3968,82,Old Course,14,3,13.4,15.6,12.27,14.26,Fairway,OFW,,,False,DetailedLie,,2026-10-03T12:52:44.000Z,False,0,False,False,511347.1036514477,6245253.212180133,238,"Smith chips from the fairway, leaving 16 feet to the hole, losing 0.97 strokes *around the green*.",feed
alfred-dunhill-links-championship-2026,3,Cam Smith,3968,82,Old Course,14,4,11.0,6.0,10.02,5.51,Green,OGR,Fairway,OFW,False,DetailedLie,,2026-10-03T12:54:02.000Z,False,0,False,False,511356.8741967426,6245250.9059027815,242,"Smith chips from the fairway to eighteen feet, leaving an eighteen-foot putt for par, losing 0.66 strokes *around the green*.",feed
alfred-dunhill-links-championship-2026,3,Cam Smith,3968,82,Old Course,14,5,6.7,0.7,6.17,0.67,Green,OGR,Green,OGR,False,DetailedLie,,2026-10-03T12:56:08.000Z,False,0,False,False,511359.8567949824,6245245.502807401,246,"Smith missed an 18-foot putt for par, leaving about two feet for bogey on the 14th.",feed
alfred-dunhill-links-championship-2026,3,Cam Smith,3968,82,Old Course,14,6,0.7,,0.67,,,,,,True,BallHoled,Bogey,2026-10-03T12:56:15.000Z,False,0,False,False,511359.44201887527,6245246.024526562,249,Smith holed a two-foot putt for bogey on the 14th.,feed
alfred-dunhill-links-championship-2026,3,Cam Smith,3968,82,Old Course,15,1,307.3,142.9,281.0,130.69,Fairway,OFW,,,False,DetailedLie,,2026-10-03T13:02:25.000Z,False,0,False,False,511439.3233071655,6245047.372460191,255,"Cam Smith (T98) finds the fairway with a 307-yard drive, leaving 142 yards to the hole on 15th.",feed
alfred-dunhill-links-championship-2026,3,Cam Smith,3968,82,Old Course,15,2,150.9,8.0,137.99,7.34,Green,OGR,Fairway,OFW,False,DetailedLie,,2026-10-03T13:08:42.000Z,False,0,False,False,511477.7613677318,6244914.802446645,259,"Smith's approach finds the green, leaving a 24-foot putt for birdie on the 15th.",feed
alfred-dunhill-links-championship-2026,3,Cam Smith,3968,82,Old Course,15,3,8.0,,7.34,,,,,,True,BallHoled,Birdie,2026-10-03T13:13:08.000Z,False,0,False,False,511476.41875154467,6244922.024063197,262,"Smith holed a 24-foot putt for birdie, gaining 0.91 strokes *putting* and posting the best putting on the hole this week.",feed
alfred-dunhill-links-championship-2026,3,Cam Smith,3968,82,Old Course,16,1,289.2,156.2,264.49,142.81,Fairway,OFW,,,False,DetailedLie,,2026-10-03T13:19:38.000Z,False,0,False,False,511559.41671791114,6244760.024730879,268,"Cam Smith (T89) finds the fairway with a 289-yard drive, leaving 156 yards to the hole on 16.",feed
alfred-dunhill-links-championship-2026,3,Cam Smith,3968,82,Old Course,16,2,157.0,10.1,143.59,9.25,Green,OGR,Fairway,OFW,False,DetailedLie,,2026-10-03T13:25:56.000Z,False,0,False,False,511578.4544428166,6244617.681748901,272,"Smith's approach from the fairway finds the green, leaving a thirty-foot putt for birdie.",feed
alfred-dunhill-links-championship-2026,3,Cam Smith,3968,82,Old Course,16,3,11.5,1.5,10.55,1.33,Green,OGR,Green,OGR,False,DetailedLie,,2026-10-03T13:30:14.000Z,False,0,False,False,511567.88668384345,6244617.270496188,276,"Smith missed a 30-foot putt for birdie, leaving four feet for par on the 16th.",feed
alfred-dunhill-links-championship-2026,3,Cam Smith,3968,82,Old Course,16,4,1.5,,1.33,,,,,,True,BallHoled,Par,2026-10-03T13:35:27.000Z,False,0,False,False,511569.19021522603,6244617.5322883045,279,Smith holed a four-foot putt for par on the 16th.,feed
alfred-dunhill-links-championship-2026,3,Cam Smith,3968,82,Old Course,17,1,315.4,180.1,288.42,164.7,Fairway,OFW,,,False,DetailedLie,,2026-10-03T13:46:31.000Z,False,0,False,False,511726.6973591977,6244418.848961542,285,"Cam Smith (T88) finds the fairway with a 315-yard drive, leaving 180 yards to the hole on 17.",feed
alfred-dunhill-links-championship-2026,3,Cam Smith,3968,82,Old Course,17,2,190.5,14.5,174.21,13.27,Native Area,ONA,,,False,DetailedLie,,2026-10-03T13:53:10.000Z,False,0,False,False,511826.0694064316,6244275.60043431,289,"Smith's approach from the fairway finds the native area, leaving 14 feet to the hole, losing 0.82 strokes *approach*.",feed
alfred-dunhill-links-championship-2026,3,Cam Smith,3968,82,Old Course,17,3,27.3,12.8,24.92,11.72,Fairway,OFW,,,False,DetailedLie,,2026-10-03T14:01:23.000Z,False,0,False,False,511827.896637885,6244300.459047164,294,"Smith chipped from the native area to the fairway, leaving 12 yards to the hole.",feed
alfred-dunhill-links-championship-2026,3,Cam Smith,3968,82,Old Course,17,4,13.9,1.0,12.67,0.95,Green,OGR,Fairway,OFW,False,DetailedLie,,2026-10-03T14:01:58.000Z,False,0,False,False,511827.9370373849,6244287.789827888,298,"Smith chipped from the fairway to three feet, leaving a bogey putt on the 17th.",feed
alfred-dunhill-links-championship-2026,3,Cam Smith,3968,82,Old Course,17,5,1.0,,0.95,,,,,,True,BallHoled,Bogey,2026-10-03T14:03:52.000Z,False,0,False,False,511827.9183048989,6244288.739109616,302,Smith holed a three-footer for bogey on the 17th.,feed
alfred-dunhill-links-championship-2026,3,Cam Smith,3968,82,Old Course,18,1,338.3,16.4,309.31,15.03,Green,OGR,,OBU,False,DetailedLie,,2026-10-03T14:09:43.000Z,False,0,False,False,512165.8360166989,6244289.582193079,308,"Smith (T104) finds the green with a 338-yard drive, leaving 49 feet for eagle on the 18th.",feed
alfred-dunhill-links-championship-2026,3,Cam Smith,3968,82,Old Course,18,2,16.4,,15.03,,,,,,True,BallHoled,EagleOrBetter,2026-10-03T14:22:16.000Z,False,0,False,False,512176.3156685405,6244300.3784525,311,"Smith holed a 49-foot putt for eagle, gaining 1.17 strokes *putting* — best putt on the hole this week.",feed
