event,round,player,playerId,teamId,hole,shot,shotDistance_yds,distanceToPin_yds,shotDistance_m,distanceToPin_m,lieAfterShot,lieAfterShotCode,lieBeforeShot,lieBeforeShotCode,ballHoled,eventType,holeScore,timestamp,isProvisional,isBallDrop,x,z,seqNum,source,commentary
amgen-irish-open-2026,1,Laurie Canter,840,45,1,1,330.3,175.1,302.02,160.14,Rough,OST,,,False,DetailedLie,,2026-09-10T12:11:28.000Z,False,False,466347.30935953493,5844395.224345871,6,feed,
amgen-irish-open-2026,1,Laurie Canter,840,45,1,2,101.4,73.8,92.7,67.53,Fairway,OFW,,,False,DetailedLie,,2026-09-10T12:14:52.000Z,False,False,466403.1733944699,5844469.253620114,10,feed,
amgen-irish-open-2026,1,Laurie Canter,840,45,1,3,77.6,4.3,70.95,3.9,Green,OGR,Fairway,OFW,False,DetailedLie,,2026-09-10T12:16:31.000Z,False,False,466451.17410504865,5844521.5566476565,14,feed,
amgen-irish-open-2026,1,Laurie Canter,840,45,1,4,4.4,0.2,4.04,0.2,Green,OGR,Green,OGR,False,DetailedLie,,2026-09-10T12:20:17.000Z,False,False,466447.40704631526,5844520.072152682,18,feed,
amgen-irish-open-2026,1,Laurie Canter,840,45,1,5,0.2,,0.2,,,,,,True,BallHoled,Bogey,2026-09-10T12:20:19.000Z,False,False,466447.4937313835,5844520.249952211,21,feed,
amgen-irish-open-2026,1,Laurie Canter,840,45,2,1,277.8,166.5,253.98,152.25,Fairway,OFW,,,False,DetailedLie,,2026-09-10T12:26:45.000Z,False,False,466622.38824366004,5844527.650188635,27,feed,
amgen-irish-open-2026,1,Laurie Canter,840,45,2,2,170.0,5.5,155.46,5.05,Green,OGR,Fairway,OFW,False,DetailedLie,,2026-09-10T12:32:32.000Z,False,False,466755.93412539235,5844607.630663189,31,feed,
amgen-irish-open-2026,1,Laurie Canter,840,45,2,3,5.4,0.2,4.9,0.15,Green,OGR,Green,OGR,False,DetailedLie,,2026-09-10T12:34:43.000Z,False,False,466755.18244980485,5844602.787260995,35,feed,
amgen-irish-open-2026,1,Laurie Canter,840,45,2,4,0.2,,0.15,,,,,,True,BallHoled,Par,2026-09-10T12:34:49.000Z,False,False,466755.1343622173,5844602.642771302,38,feed,
amgen-irish-open-2026,1,Laurie Canter,840,45,3,1,252.2,76.0,230.62,69.47,Fairway,OFW,,,False,DetailedLie,,2026-09-10T13:42:34.000Z,False,False,466776.2045387878,5844870.516328109,44,feed,
amgen-irish-open-2026,1,Laurie Canter,840,45,3,2,70.6,5.5,64.55,5.06,Green,OGR,Fairway,OFW,False,DetailedLie,,2026-09-10T13:45:22.000Z,False,False,466749.1671909952,5844929.126322937,48,feed,
amgen-irish-open-2026,1,Laurie Canter,840,45,3,3,6.0,0.5,5.49,0.46,Green,OGR,Green,OGR,False,DetailedLie,,2026-09-10T13:47:37.000Z,False,False,466745.85371840687,5844933.512698115,52,feed,
amgen-irish-open-2026,1,Laurie Canter,840,45,3,4,0.5,,0.46,,,,,,True,BallHoled,Par,2026-09-10T13:47:41.000Z,False,False,466746.01515489153,5844933.082850687,55,feed,
amgen-irish-open-2026,1,Laurie Canter,840,45,4,1,341.2,246.0,311.99,224.93,,ORO,,,False,DetailedLie,,2026-09-10T14:14:20.000Z,False,False,466938.977704791,5845204.319200932,61,feed,
amgen-irish-open-2026,1,Laurie Canter,840,45,4,2,227.3,20.7,207.85,18.89,,OCO,,,False,DetailedLie,,2026-09-10T13:23:38.000Z,False,False,467089.19660024013,5845348.214681913,65,feed,
amgen-irish-open-2026,1,Laurie Canter,840,45,4,3,22.0,1.6,20.11,1.45,Green,OGR,,OCO,False,DetailedLie,,2026-09-10T13:29:33.000Z,False,False,467108.6520961124,5845353.453592004,69,feed,
amgen-irish-open-2026,1,Laurie Canter,840,45,4,4,1.6,,1.45,,,,,,True,BallHoled,Birdie,2026-09-10T14:32:43.000Z,False,False,467107.258158931,5845353.871980896,72,feed,
amgen-irish-open-2026,1,Laurie Canter,840,45,5,1,245.9,144.6,224.83,132.19,Fairway,OFW,,,False,DetailedLie,,2026-09-10T13:39:15.000Z,False,False,466932.58320247737,5845302.900158967,129,feed,
amgen-irish-open-2026,1,Laurie Canter,840,45,5,2,121.6,23.7,111.22,21.67,,OCO,,,False,DetailedLie,,2026-09-10T13:46:22.000Z,False,False,466824.6745664453,5845266.870936409,137,feed,
amgen-irish-open-2026,1,Laurie Canter,840,45,5,3,25.1,1.8,22.97,1.69,Green,OGR,,OCO,False,DetailedLie,,2026-09-10T13:50:48.000Z,False,False,466811.38273253734,5845248.126987392,140,feed,
amgen-irish-open-2026,1,Laurie Canter,840,45,5,4,1.8,,1.69,,,,,,True,BallHoled,Par,2026-09-10T14:53:59.000Z,False,False,466811.2968294185,5845249.809736903,145,feed,
amgen-irish-open-2026,1,Laurie Canter,840,45,6,1,312.3,80.7,285.56,73.78,,ONA,,,False,DetailedLie,,2026-09-10T14:17:42.000Z,True,False,466886.4326764786,5845569.866208205,179,feed,
amgen-irish-open-2026,1,Laurie Canter,840,45,6,1,356.6,14.4,326.07,13.16,,OGS,,,False,DetailedLie,,2026-09-10T14:17:42.000Z,True,False,466843.87596851896,5845625.08505362,184,feed,
amgen-irish-open-2026,1,Laurie Canter,840,45,6,3,91.2,13.0,83.36,11.86,Green,OGR,,,False,DetailedLie,,2026-09-10T14:27:22.000Z,False,False,466854.53456382034,5845646.877406047,190,feed,
amgen-irish-open-2026,1,Laurie Canter,840,45,6,4,2.7,0.8,2.5,0.73,Green,OGR,Green,OGR,False,DetailedLie,,2026-09-10T14:27:53.000Z,False,False,466852.93195829843,5845635.009390154,195,feed,
amgen-irish-open-2026,1,Laurie Canter,840,45,6,5,0.8,,0.73,,,,,,True,BallHoled,Bogey,2026-09-10T14:28:24.000Z,False,False,466852.23900487716,5845635.249071994,198,feed,
amgen-irish-open-2026,1,Laurie Canter,840,45,7,1,215.1,15.0,196.65,13.71,,ORO,,,False,DetailedLie,,2026-09-10T14:34:47.000Z,False,False,466946.22586815833,5845780.548061341,204,feed,
amgen-irish-open-2026,1,Laurie Canter,840,45,7,2,14.0,1.2,12.85,1.07,Green,OGR,,ORO,False,DetailedLie,,2026-09-10T14:36:48.000Z,False,False,466940.7447490238,5845792.165951901,208,feed,
amgen-irish-open-2026,1,Laurie Canter,840,45,7,3,1.2,,1.07,,,,,,True,BallHoled,Par,2026-09-10T15:39:52.000Z,False,False,466939.7891502221,5845792.658904053,211,feed,
amgen-irish-open-2026,1,Laurie Canter,840,45,8,1,297.8,278.5,272.29,254.62,,OIR,,,False,DetailedLie,,2026-09-10T15:01:31.000Z,False,False,466923.4658297447,5846130.321073699,256,feed,
amgen-irish-open-2026,1,Laurie Canter,840,45,8,2,246.5,39.9,225.41,36.49,Rough,OST,,,False,DetailedLie,,2026-09-10T15:12:55.000Z,False,False,466776.8539520474,5846301.711470036,261,feed,
amgen-irish-open-2026,1,Laurie Canter,840,45,8,3,48.8,10.9,44.62,10.0,Fairway,OFW,,,False,DetailedLie,,2026-09-10T15:15:51.000Z,False,False,466732.1657167638,5846303.061750548,264,feed,
amgen-irish-open-2026,1,Laurie Canter,840,45,8,4,11.4,1.7,10.47,1.52,Green,OGR,Fairway,OFW,False,DetailedLie,,2026-09-10T15:17:11.000Z,False,False,466741.8976885015,5846306.957846026,270,feed,
amgen-irish-open-2026,1,Laurie Canter,840,45,8,5,1.8,0.3,1.62,0.24,Green,OGR,Green,OGR,False,DetailedLie,,2026-09-10T15:18:56.000Z,False,False,466740.94519612036,5846308.269751406,274,feed,
amgen-irish-open-2026,1,Laurie Canter,840,45,8,6,0.3,,0.24,,,,,,True,BallHoled,Bogey,2026-09-10T15:18:59.000Z,False,False,466740.8451885723,5846308.049650018,277,feed,
amgen-irish-open-2026,1,Laurie Canter,840,45,9,1,162.5,1.2,148.64,1.12,Green,OGR,,OBU,False,DetailedLie,,2026-09-10T15:26:05.000Z,False,False,466663.33746408817,5846388.253073707,283,feed,
amgen-irish-open-2026,1,Laurie Canter,840,45,9,2,1.2,0.5,1.14,0.44,Green,OGR,Green,OGR,False,DetailedLie,,2026-09-10T15:30:33.000Z,False,False,466662.8101898349,5846387.24036113,287,feed,
amgen-irish-open-2026,1,Laurie Canter,840,45,9,3,0.5,,0.44,,,,,,True,BallHoled,Par,2026-09-10T15:30:37.000Z,False,False,466663.2408719432,5846387.133232638,290,feed,
amgen-irish-open-2026,1,Laurie Canter,840,45,10,1,330.7,226.0,302.39,206.68,,ONA,,,False,DetailedLie,,2026-09-10T15:46:08.000Z,False,False,466893.22102901444,5846348.963984167,296,feed,
amgen-irish-open-2026,1,Laurie Canter,840,45,10,2,167.7,58.4,153.34,53.36,Fairway,OFW,,,False,DetailedLie,,2026-09-10T15:53:35.000Z,False,False,467040.34266908054,5846304.782956963,300,feed,
amgen-irish-open-2026,1,Laurie Canter,840,45,10,3,47.9,11.2,43.84,10.23,Fairway,OFW,,,False,DetailedLie,,2026-09-10T15:56:55.000Z,False,False,467083.4794301594,5846296.490219107,304,feed,
amgen-irish-open-2026,1,Laurie Canter,840,45,10,4,12.6,1.5,11.49,1.39,Green,OGR,Fairway,OFW,False,DetailedLie,,2026-09-10T15:58:07.000Z,False,False,467092.5770473031,5846289.444769906,308,feed,
amgen-irish-open-2026,1,Laurie Canter,840,45,10,5,1.5,,1.39,,,,,,True,BallHoled,Par,2026-09-10T16:00:06.000Z,False,False,467091.89694519783,5846290.652274879,311,feed,
amgen-irish-open-2026,1,Laurie Canter,840,45,11,1,177.7,10.5,162.52,9.56,Green,OGR,,OBU,False,DetailedLie,,2026-09-10T16:15:16.000Z,False,False,467017.42112642,5846161.747714766,317,feed,
amgen-irish-open-2026,1,Laurie Canter,840,45,11,2,9.7,0.8,8.84,0.73,Green,OGR,Green,OGR,False,DetailedLie,,2026-09-10T16:16:24.000Z,False,False,467024.5744543082,5846156.542880214,321,feed,
amgen-irish-open-2026,1,Laurie Canter,840,45,11,3,0.8,,0.73,,,,,,True,BallHoled,Par,2026-09-10T16:18:20.000Z,False,False,467025.2168678267,5846156.193446444,324,feed,
amgen-irish-open-2026,1,Laurie Canter,840,45,12,1,264.8,160.5,242.15,146.8,,OIR,,,False,DetailedLie,,2026-09-10T16:26:05.000Z,False,False,467058.30116187484,5845896.468805503,330,feed,
amgen-irish-open-2026,1,Laurie Canter,840,45,12,2,140.9,24.7,128.8,22.54,Green,OGR,,OIR,False,DetailedLie,,2026-09-10T16:28:41.000Z,False,False,467088.7492507115,5845771.365537942,334,feed,
amgen-irish-open-2026,1,Laurie Canter,840,45,12,3,24.7,0.1,22.57,0.07,Green,OGR,Green,OGR,False,DetailedLie,,2026-09-10T16:31:03.000Z,False,False,467078.7925159692,5845751.115730267,338,feed,
amgen-irish-open-2026,1,Laurie Canter,840,45,12,4,0.1,,0.07,,,,,,True,BallHoled,Par,2026-09-10T16:31:13.000Z,False,False,467078.745958902,5845751.164032258,341,feed,
amgen-irish-open-2026,1,Laurie Canter,840,45,13,1,257.2,182.4,235.19,166.75,,ORO,,,False,DetailedLie,,2026-09-10T16:40:02.000Z,False,False,466969.43017716886,5845472.264755559,347,feed,
amgen-irish-open-2026,1,Laurie Canter,840,45,13,2,150.7,31.7,137.81,29.0,Fairway,OFW,,,False,DetailedLie,,2026-09-10T16:45:23.000Z,False,False,466850.6460988944,5845402.033437729,352,feed,
amgen-irish-open-2026,1,Laurie Canter,840,45,13,3,30.6,1.1,28.02,1.05,Green,OGR,Fairway,OFW,False,DetailedLie,,2026-09-10T16:48:33.000Z,False,False,466827.78906006506,5845385.779012873,356,feed,
amgen-irish-open-2026,1,Laurie Canter,840,45,13,4,1.1,,1.05,,,,,,True,BallHoled,Par,2026-09-10T16:50:18.000Z,False,False,466826.7756636504,5845385.49832618,359,feed,
amgen-irish-open-2026,1,Laurie Canter,840,45,14,1,138.4,20.7,126.56,18.89,,OIR,,,False,DetailedLie,,2026-09-10T16:59:52.000Z,False,False,466758.5942053587,5845184.84142202,365,feed,
amgen-irish-open-2026,1,Laurie Canter,840,45,14,2,28.8,8.3,26.37,7.57,Green,OGR,,OIR,False,DetailedLie,,2026-09-10T17:02:57.000Z,False,False,466743.0872043733,5845206.1786261145,370,feed,
amgen-irish-open-2026,1,Laurie Canter,840,45,14,3,8.2,0.1,7.53,0.11,Green,OGR,Green,OGR,False,DetailedLie,,2026-09-10T17:07:07.000Z,False,False,466748.36227717664,5845200.790457897,374,feed,
amgen-irish-open-2026,1,Laurie Canter,840,45,14,4,0.1,,0.11,,,,,,True,BallHoled,Bogey,2026-09-10T17:07:11.000Z,False,False,466748.3138797926,5845200.689520704,377,feed,
amgen-irish-open-2026,1,Laurie Canter,840,45,15,1,258.3,100.5,236.17,91.87,,ORO,,,False,DetailedLie,,2026-09-10T17:14:53.000Z,False,False,466751.30355846486,5845032.134035499,383,feed,
amgen-irish-open-2026,1,Laurie Canter,840,45,15,2,103.3,3.7,94.44,3.36,Green,OGR,,ORO,False,DetailedLie,,2026-09-10T17:19:14.000Z,False,False,466690.43954680656,5844959.8600690495,387,feed,
amgen-irish-open-2026,1,Laurie Canter,840,45,15,3,4.1,0.4,3.72,0.36,Green,OGR,Green,OGR,False,DetailedLie,,2026-09-10T17:23:18.000Z,False,False,466694.1151978466,5844960.45025893,392,feed,
amgen-irish-open-2026,1,Laurie Canter,840,45,15,4,0.4,,0.36,,,,,,True,BallHoled,Par,2026-09-10T17:25:08.000Z,False,False,466693.74985827936,5844960.466198782,395,feed,
amgen-irish-open-2026,1,Laurie Canter,840,45,16,1,194.2,15.1,177.56,13.81,,OGS,,,False,DetailedLie,,2026-09-10T17:33:00.000Z,False,False,466766.52422473487,5844715.80200105,517,feed,
amgen-irish-open-2026,1,Laurie Canter,840,45,16,2,9.8,5.5,8.97,5.0,Green,OGR,,OGS,False,DetailedLie,,2026-09-10T17:34:05.000Z,False,False,466757.5410008088,5844715.956703878,521,feed,
amgen-irish-open-2026,1,Laurie Canter,840,45,16,3,5.6,0.2,5.09,0.14,Green,OGR,Green,OGR,False,DetailedLie,,2026-09-10T17:36:07.000Z,False,False,466752.6804287854,5844717.5097988425,525,feed,
amgen-irish-open-2026,1,Laurie Canter,840,45,16,4,0.2,,0.14,,,,,,True,BallHoled,Bogey,2026-09-10T17:36:09.000Z,False,False,466752.805859772,5844717.580849682,528,feed,
amgen-irish-open-2026,1,Laurie Canter,840,45,17,1,257.2,131.9,235.17,120.64,,OIR,,,False,DetailedLie,,2026-09-10T17:46:38.000Z,False,False,466580.28083340224,5844426.213414049,534,feed,
amgen-irish-open-2026,1,Laurie Canter,840,45,17,2,133.6,4.0,122.2,3.64,Green,OGR,,OIR,False,DetailedLie,,2026-09-10T17:49:04.000Z,False,False,466459.11879773444,5844408.614542268,538,feed,
amgen-irish-open-2026,1,Laurie Canter,840,45,17,3,4.0,0.0,3.61,0.05,Green,OGR,Green,OGR,False,DetailedLie,,2026-09-10T17:51:55.000Z,False,False,466461.1918094934,5844405.653806687,542,feed,
amgen-irish-open-2026,1,Laurie Canter,840,45,17,4,0.0,,0.05,,,,,,True,BallHoled,Par,2026-09-10T17:51:57.000Z,False,False,466461.181593683,5844405.609475702,545,feed,
amgen-irish-open-2026,1,Laurie Canter,840,45,18,1,261.1,152.8,238.78,139.72,Fairway,OFW,,,False,DetailedLie,,2026-09-10T18:00:11.000Z,False,False,466219.3012383866,5844306.274642949,551,feed,
amgen-irish-open-2026,1,Laurie Canter,840,45,18,2,161.2,8.4,147.39,7.7,Green,OGR,Fairway,OFW,False,DetailedLie,,2026-09-10T18:04:28.000Z,False,False,466077.64291650004,5844264.631651767,555,feed,
amgen-irish-open-2026,1,Laurie Canter,840,45,18,3,8.4,0.0,7.72,0.04,Green,OGR,Green,OGR,False,DetailedLie,,2026-09-10T18:07:59.000Z,False,False,466085.24593379535,5844266.033141173,559,feed,
amgen-irish-open-2026,1,Laurie Canter,840,45,18,4,0.0,,0.04,,,,,,True,BallHoled,Par,2026-09-10T18:08:04.000Z,False,False,466085.22637745563,5844266.066134331,562,feed,
amgen-irish-open-2026,2,Laurie Canter,840,45,1,1,330.6,157.4,302.35,143.91,Fairway,OFW,,,False,DetailedLie,,2026-09-11T08:06:17.000Z,False,False,466345.0539821416,5844405.338003333,6,feed,
amgen-irish-open-2026,2,Laurie Canter,840,45,1,2,141.9,17.6,129.77,16.08,Fairway,OFW,,,False,DetailedLie,,2026-09-11T08:10:16.000Z,False,False,466435.1920640834,5844498.82291264,10,feed,
amgen-irish-open-2026,2,Laurie Canter,840,45,1,3,18.1,0.6,16.57,0.54,Green,OGR,Fairway,OFW,False,DetailedLie,,2026-09-11T08:13:58.000Z,False,False,466451.2056179901,5844503.178566694,14,feed,
amgen-irish-open-2026,2,Laurie Canter,840,45,1,4,1.1,0.5,0.97,0.44,Green,OGR,Green,OGR,False,DetailedLie,,2026-09-11T08:15:58.000Z,False,False,466450.23804084136,5844503.166599953,18,feed,
amgen-irish-open-2026,2,Laurie Canter,840,45,1,5,0.5,,0.44,,,,,,True,BallHoled,Bogey,2026-09-11T08:16:03.000Z,False,False,466450.66898467223,5844503.273749797,21,feed,
amgen-irish-open-2026,2,Laurie Canter,840,45,2,1,290.3,144.4,265.44,132.05,,ORO,,,False,DetailedLie,,2026-09-11T08:25:08.000Z,False,False,466620.5293923812,5844554.376587645,27,feed,
amgen-irish-open-2026,2,Laurie Canter,840,45,2,2,147.0,8.8,134.43,8.07,Green,OGR,,ORO,False,DetailedLie,,2026-09-11T08:29:03.000Z,False,False,466748.1966532899,5844597.221945369,31,feed,
amgen-irish-open-2026,2,Laurie Canter,840,45,2,3,9.1,0.3,8.33,0.28,Green,OGR,Green,OGR,False,DetailedLie,,2026-09-11T08:31:24.000Z,False,False,466743.21259502886,5844603.89483908,35,feed,
amgen-irish-open-2026,2,Laurie Canter,840,45,2,4,0.3,,0.28,,,,,,True,BallHoled,Par,2026-09-11T08:33:29.000Z,False,False,466743.28165467543,5844603.628506789,38,feed,
amgen-irish-open-2026,2,Laurie Canter,840,45,3,1,292.8,46.0,267.72,42.03,,ORO,,,False,DetailedLie,,2026-09-11T08:40:40.000Z,False,False,466777.690372671,5844907.439046174,44,feed,
amgen-irish-open-2026,2,Laurie Canter,840,45,3,2,46.0,0.7,42.08,0.61,Green,OGR,,ORO,False,DetailedLie,,2026-09-11T08:43:32.000Z,False,False,466740.4413476029,5844927.153397943,48,feed,
amgen-irish-open-2026,2,Laurie Canter,840,45,3,3,0.7,,0.61,,,,,,True,BallHoled,Birdie,2026-09-11T08:46:52.000Z,False,False,466740.2085638874,5844926.585624509,51,feed,
amgen-irish-open-2026,2,Laurie Canter,840,45,4,1,332.5,258.2,304.0,236.07,Fairway,OFW,,,False,DetailedLie,,2026-09-11T08:56:14.000Z,False,False,466938.22780499805,5845194.711125713,57,feed,
amgen-irish-open-2026,2,Laurie Canter,840,45,4,2,243.7,15.9,222.86,14.51,Green,OGR,Fairway,OFW,False,DetailedLie,,2026-09-11T09:02:41.000Z,False,False,467100.9282472183,5845347.277384065,61,feed,
amgen-irish-open-2026,2,Laurie Canter,840,45,4,3,16.3,0.6,14.9,0.54,Green,OGR,Green,OGR,False,DetailedLie,,2026-09-11T09:08:57.000Z,False,False,467106.75718197104,5845360.990997547,65,feed,
amgen-irish-open-2026,2,Laurie Canter,840,45,4,4,0.6,,0.54,,,,,,True,BallHoled,Birdie,2026-09-11T09:10:50.000Z,False,False,467106.26359161903,5845360.770554059,68,feed,
amgen-irish-open-2026,2,Laurie Canter,840,45,5,1,258.6,117.7,236.44,107.63,Fairway,OFW,,,False,DetailedLie,,2026-09-11T09:21:36.000Z,False,False,466916.9017674753,5845308.648044278,74,feed,
amgen-irish-open-2026,2,Laurie Canter,840,45,5,2,114.6,5.4,104.79,4.93,Green,OGR,Fairway,OFW,False,DetailedLie,,2026-09-11T09:25:32.000Z,False,False,466825.876130413,5845256.438347243,78,feed,
amgen-irish-open-2026,2,Laurie Canter,840,45,5,3,5.4,0.0,4.92,0.04,Green,OGR,Green,OGR,False,DetailedLie,,2026-09-11T09:28:22.000Z,False,False,466821.4329697138,5845258.566625785,82,feed,
amgen-irish-open-2026,2,Laurie Canter,840,45,5,4,0.0,,0.04,,,,,,True,BallHoled,Par,2026-09-11T09:28:23.000Z,False,False,466821.43797626963,5845258.607495162,85,feed,
amgen-irish-open-2026,2,Laurie Canter,840,45,6,1,261.8,108.8,239.42,99.52,Fairway,OFW,,,False,DetailedLie,,2026-09-11T09:36:16.000Z,False,False,466852.3263619157,5845533.846618918,91,feed,
amgen-irish-open-2026,2,Laurie Canter,840,45,6,2,111.3,3.0,101.81,2.73,Green,OGR,Fairway,OFW,False,DetailedLie,,2026-09-11T09:42:25.000Z,False,False,466856.7196316801,5845635.51501616,95,feed,
amgen-irish-open-2026,2,Laurie Canter,840,45,6,3,3.2,0.3,2.94,0.24,Green,OGR,Green,OGR,False,DetailedLie,,2026-09-11T09:47:35.000Z,False,False,466858.3205921142,5845633.051842262,99,feed,
amgen-irish-open-2026,2,Laurie Canter,840,45,6,4,0.3,,0.24,,,,,,True,BallHoled,Par,2026-09-11T09:47:49.000Z,False,False,466858.10111130774,5845633.154437901,102,feed,
amgen-irish-open-2026,2,Laurie Canter,840,45,7,1,227.6,11.4,208.12,10.46,Green,OGR,,OBU,False,DetailedLie,,2026-09-11T09:53:27.000Z,False,False,466930.37562777376,5845799.490730828,108,feed,
amgen-irish-open-2026,2,Laurie Canter,840,45,7,2,11.5,0.2,10.53,0.15,Green,OGR,Green,OGR,False,DetailedLie,,2026-09-11T09:59:27.000Z,False,False,466927.5180330721,5845789.356202025,112,feed,
amgen-irish-open-2026,2,Laurie Canter,840,45,7,3,0.2,,0.15,,,,,,True,BallHoled,Par,2026-09-11T09:59:29.000Z,False,False,466927.4181539053,5845789.463519978,115,feed,
amgen-irish-open-2026,2,Laurie Canter,840,45,8,1,298.9,276.2,273.27,252.56,Fairway,OFW,,,False,DetailedLie,,2026-09-11T10:08:37.000Z,False,False,466902.02946912084,5846123.641864979,288,feed,
amgen-irish-open-2026,2,Laurie Canter,840,45,8,2,256.3,24.6,234.35,22.52,,OGS,,,False,DetailedLie,,2026-09-11T12:24:06.000Z,False,False,466743.72749681195,5846296.660774314,292,feed,
amgen-irish-open-2026,2,Laurie Canter,840,45,8,3,14.2,11.0,12.96,10.08,Green,OGR,,OGS,False,DetailedLie,,2026-09-11T10:17:27.000Z,False,False,466745.09960968175,5846309.546677876,296,feed,
amgen-irish-open-2026,2,Laurie Canter,840,45,8,4,11.0,0.2,10.08,0.15,Green,OGR,Green,OGR,False,DetailedLie,,2026-09-11T10:18:52.000Z,False,False,466742.00943461386,5846319.143746509,300,feed,
amgen-irish-open-2026,2,Laurie Canter,840,45,8,5,0.2,,0.15,,,,,,True,BallHoled,Par,2026-09-11T10:18:55.000Z,False,False,466741.8702928879,5846319.094578679,303,feed,
amgen-irish-open-2026,2,Laurie Canter,840,45,9,1,163.2,10.2,149.23,9.29,Green,OGR,,OBU,False,DetailedLie,,2026-09-11T10:24:52.000Z,False,False,466664.6427501832,5846388.906126909,142,feed,
amgen-irish-open-2026,2,Laurie Canter,840,45,9,2,9.9,0.3,9.02,0.27,Green,OGR,Green,OGR,False,DetailedLie,,2026-09-11T10:28:41.000Z,False,False,466656.33847181004,5846385.3547001295,146,feed,
amgen-irish-open-2026,2,Laurie Canter,840,45,9,3,0.3,,0.27,,,,,,True,BallHoled,Par,2026-09-11T10:28:48.000Z,False,False,466656.0771589251,5846385.277523787,149,feed,
amgen-irish-open-2026,2,Laurie Canter,840,45,10,1,335.1,257.4,306.43,235.32,Fairway,OFW,,,False,DetailedLie,,2026-09-11T10:36:22.000Z,False,False,466887.14181737707,5846320.865157801,155,feed,
amgen-irish-open-2026,2,Laurie Canter,840,45,10,2,213.6,46.0,195.36,42.07,,OIR,,,False,DetailedLie,,2026-09-11T10:44:48.000Z,False,False,467080.2375768286,5846288.819778208,159,feed,
amgen-irish-open-2026,2,Laurie Canter,840,45,10,3,48.5,2.8,44.34,2.54,Green,OGR,,OIR,False,DetailedLie,,2026-09-11T10:47:58.000Z,False,False,467124.1114936354,5846295.814000887,163,feed,
amgen-irish-open-2026,2,Laurie Canter,840,45,10,4,2.9,0.2,2.62,0.22,Green,OGR,Green,OGR,False,DetailedLie,,2026-09-11T10:53:09.000Z,False,False,467121.66910087544,5846296.781600981,167,feed,
amgen-irish-open-2026,2,Laurie Canter,840,45,10,5,0.2,,0.22,,,,,,True,BallHoled,Par,2026-09-11T10:53:11.000Z,False,False,467121.67330758634,5846296.557711149,170,feed,
amgen-irish-open-2026,2,Laurie Canter,840,45,11,1,151.3,27.6,138.36,25.26,Fairway,OFW,,,False,DetailedLie,,2026-09-11T11:04:34.000Z,False,False,467031.8699714315,5846179.775728149,178,feed,
amgen-irish-open-2026,2,Laurie Canter,840,45,11,2,27.7,0.2,25.3,0.17,Green,OGR,Fairway,OFW,False,DetailedLie,,2026-09-11T11:05:27.000Z,False,False,467030.9291855381,5846154.504363046,183,feed,
amgen-irish-open-2026,2,Laurie Canter,840,45,11,3,0.2,,0.17,,,,,,True,BallHoled,Par,2026-09-11T11:05:42.000Z,False,False,467030.7681988018,5846154.553319719,186,feed,
amgen-irish-open-2026,2,Laurie Canter,840,45,12,1,274.7,140.1,251.22,128.09,,ORO,,,False,DetailedLie,,2026-09-11T11:14:58.000Z,False,False,467057.86047320697,5845885.702414532,193,feed,
amgen-irish-open-2026,2,Laurie Canter,840,45,12,2,141.8,1.7,129.63,1.55,Green,OGR,,ORO,False,DetailedLie,,2026-09-11T11:18:43.000Z,False,False,467094.64948524215,5845761.441971811,197,feed,
amgen-irish-open-2026,2,Laurie Canter,840,45,12,3,2.1,0.4,1.89,0.34,Green,OGR,Green,OGR,False,DetailedLie,,2026-09-11T11:21:35.000Z,False,False,467094.34537723113,5845763.308859602,201,feed,
amgen-irish-open-2026,2,Laurie Canter,840,45,12,4,0.4,,0.34,,,,,,True,BallHoled,Par,2026-09-11T11:21:43.000Z,False,False,467094.4131841324,5845762.976241406,204,feed,
amgen-irish-open-2026,2,Laurie Canter,840,45,13,1,305.0,124.4,278.91,113.71,Fairway,OFW,,,False,DetailedLie,,2026-09-11T11:30:00.000Z,False,False,466921.4397950404,5845441.719153082,211,feed,
amgen-irish-open-2026,2,Laurie Canter,840,45,13,2,113.8,10.7,104.06,9.75,Green,OGR,Fairway,OFW,False,DetailedLie,,2026-09-11T11:34:05.000Z,False,False,466828.65042932547,5845394.286066501,216,feed,
amgen-irish-open-2026,2,Laurie Canter,840,45,13,3,10.8,0.2,9.84,0.17,Green,OGR,Green,OGR,False,DetailedLie,,2026-09-11T11:36:10.000Z,False,False,466819.26781413594,5845391.273190069,220,feed,
amgen-irish-open-2026,2,Laurie Canter,840,45,13,4,0.2,,0.17,,,,,,True,BallHoled,Par,2026-09-11T11:36:11.000Z,False,False,466819.3968493,5845391.1564019155,223,feed,
amgen-irish-open-2026,2,Laurie Canter,840,45,14,1,124.3,15.6,113.63,14.26,Green,OGR,,OBU,False,DetailedLie,,2026-09-11T11:46:27.000Z,False,False,466739.67496954685,5845208.505051709,229,feed,
amgen-irish-open-2026,2,Laurie Canter,840,45,14,2,14.7,1.0,13.44,0.87,Green,OGR,Green,OGR,False,DetailedLie,,2026-09-11T11:47:57.000Z,False,False,466734.76951864915,5845195.997681932,233,feed,
amgen-irish-open-2026,2,Laurie Canter,840,45,14,3,1.0,,0.87,,,,,,True,BallHoled,Par,2026-09-11T11:49:51.000Z,False,False,466734.2052330818,5845195.3350802725,236,feed,
amgen-irish-open-2026,2,Laurie Canter,840,45,15,1,248.4,131.2,227.14,119.99,,ORO,,,False,DetailedLie,,2026-09-11T11:55:57.000Z,False,False,466760.27186390216,5845035.671773393,242,feed,
amgen-irish-open-2026,2,Laurie Canter,840,45,15,2,128.6,2.7,117.56,2.47,Green,OGR,,ORO,False,DetailedLie,,2026-09-11T12:01:33.000Z,False,False,466684.08787960035,5844946.057289569,246,feed,
amgen-irish-open-2026,2,Laurie Canter,840,45,15,3,2.7,,2.47,,,,,,True,BallHoled,Birdie,2026-09-11T12:04:43.000Z,False,False,466682.2033501005,5844944.462677739,249,feed,
amgen-irish-open-2026,2,Laurie Canter,840,45,16,1,204.4,3.8,186.93,3.45,Green,OGR,,OBU,False,DetailedLie,,2026-09-11T12:12:09.000Z,False,False,466745.4244844514,5844717.913778957,267,feed,
amgen-irish-open-2026,2,Laurie Canter,840,45,16,2,4.0,0.2,3.61,0.19,Green,OGR,Green,OGR,False,DetailedLie,,2026-09-11T12:16:00.000Z,False,False,466742.5541761749,5844720.115273817,271,feed,
amgen-irish-open-2026,2,Laurie Canter,840,45,16,3,0.2,,0.19,,,,,,True,BallHoled,Par,2026-09-11T12:16:25.000Z,False,False,466742.7464493413,5844720.0952300895,275,feed,
amgen-irish-open-2026,2,Laurie Canter,840,45,17,1,270.0,125.9,246.88,115.09,Fairway,OFW,,,False,DetailedLie,,2026-09-11T12:22:09.000Z,False,False,466567.0753956067,5844427.88936838,281,feed,
amgen-irish-open-2026,2,Laurie Canter,840,45,17,2,130.5,5.1,119.34,4.62,Green,OGR,Fairway,OFW,False,DetailedLie,,2026-09-11T12:27:03.000Z,False,False,466452.3211918713,5844394.3396105,309,feed,
amgen-irish-open-2026,2,Laurie Canter,840,45,17,3,4.7,0.3,4.31,0.31,Green,OGR,Green,OGR,False,DetailedLie,,2026-09-11T12:31:09.000Z,False,False,466456.6121181657,5844393.834453602,313,feed,
amgen-irish-open-2026,2,Laurie Canter,840,45,17,4,0.3,,0.31,,,,,,True,BallHoled,Par,2026-09-11T12:31:12.000Z,False,False,466456.9235429319,5844393.826724038,316,feed,
amgen-irish-open-2026,2,Laurie Canter,840,45,18,1,283.2,153.9,258.97,140.77,Fairway,OFW,,,False,DetailedLie,,2026-09-11T12:36:57.000Z,False,False,466205.3234720283,5844287.238722715,322,feed,
amgen-irish-open-2026,2,Laurie Canter,840,45,18,2,159.3,8.2,145.63,7.46,Fairway,OFW,,,False,DetailedLie,,2026-09-11T12:48:02.000Z,False,False,466059.64192387904,5844278.864780274,326,feed,
amgen-irish-open-2026,2,Laurie Canter,840,45,18,3,7.2,1.0,6.62,0.89,Green,OGR,Fairway,OFW,False,DetailedLie,,2026-09-11T12:52:36.000Z,False,False,466064.14585680474,5844274.012742113,330,feed,
amgen-irish-open-2026,2,Laurie Canter,840,45,18,4,1.0,,0.89,,,,,,True,BallHoled,Par,2026-09-11T12:54:30.000Z,False,False,466064.9386944241,5844273.604553167,333,feed,
bmw-pga-championship-2026,1,Laurie Canter,,45,1,1,306,162,279.81,148.13,Intermediate Rough,,,,,,,,,,,,,commentary,"Canter (T58) finds the intermediate rough with a 306-yard drive, leaving 162 yards to the hole."
bmw-pga-championship-2026,1,Laurie Canter,,45,1,2,,4.0,,3.66,Green,,Intermediate Rough,,,,,,,,,,,commentary,"Canter finds the green from the intermediate rough, leaving a 12-foot putt for birdie."
bmw-pga-championship-2026,1,Laurie Canter,,45,1,3,4.0,0.03,3.66,0.03,Green,,Green,,,,,,,,,,,commentary,"Canter missed a twelve-footer for birdie, leaving an inch for par."
bmw-pga-championship-2026,1,Laurie Canter,,45,1,4,0.03,,0.03,,,,Green,,True,,Par,,,,,,,commentary,Canter taps in from an inch to save par on the first.
bmw-pga-championship-2026,1,Laurie Canter,840,49,2,1,153.1,4.4,140.0,4.01,Green,OGR,,OBU,False,DetailedLie,,2026-09-17T09:15:21.000Z,False,False,667189.9181888003,5696973.266426612,285,feed,
bmw-pga-championship-2026,1,Laurie Canter,840,49,2,2,4.5,0.6,4.16,0.52,Green,OGR,Green,OGR,False,DetailedLie,,2026-09-17T09:18:25.000Z,False,False,667192.2802635886,5696976.69332602,289,feed,
bmw-pga-championship-2026,1,Laurie Canter,840,49,2,3,0.6,,0.52,,,,,,True,BallHoled,Par,2026-09-17T09:18:31.000Z,False,False,667192.5834464724,5696976.268785012,292,feed,
bmw-pga-championship-2026,1,Laurie Canter,840,49,3,1,272.0,182.7,248.69,167.09,Fairway,OFW,,,False,DetailedLie,,2026-09-17T09:23:55.000Z,False,False,666938.9102536098,5696867.234274772,298,feed,
bmw-pga-championship-2026,1,Laurie Canter,840,49,3,2,163.1,29.3,149.11,26.78,,OIR,,,False,DetailedLie,,2026-09-17T09:27:46.000Z,False,False,666799.076676778,5696814.607767078,302,feed,
bmw-pga-championship-2026,1,Laurie Canter,840,49,3,3,29.4,0.8,26.85,0.71,Green,OGR,,OIR,False,DetailedLie,,2026-09-17T09:34:42.000Z,False,False,666791.5272963297,5696788.843700117,307,feed,
bmw-pga-championship-2026,1,Laurie Canter,840,49,3,4,0.8,,0.71,,,,,,True,BallHoled,Par,2026-09-17T09:34:54.000Z,False,False,666790.8704682505,5696789.120692467,310,feed,
bmw-pga-championship-2026,1,Laurie Canter,840,49,4,1,308.8,244.5,282.36,223.59,Fairway,OFW,,,False,DetailedLie,,2026-09-17T09:41:42.000Z,False,False,666650.398377558,5696481.177266991,316,feed,
bmw-pga-championship-2026,1,Laurie Canter,840,49,4,2,229.1,23.0,209.5,21.06,,OGS,,,False,DetailedLie,,2026-09-17T09:46:41.000Z,False,False,666694.725797189,5696276.484901052,320,feed,
bmw-pga-championship-2026,1,Laurie Canter,840,49,4,3,29.4,6.4,26.9,5.84,,OCO,,,False,DetailedLie,,2026-09-17T09:49:06.000Z,False,False,666718.7190568586,5696264.226454729,324,feed,
bmw-pga-championship-2026,1,Laurie Canter,840,49,4,4,6.8,0.4,6.23,0.4,Green,OGR,,OCO,False,DetailedLie,,2026-09-17T09:52:01.000Z,False,False,666713.0262597468,5696266.783243999,328,feed,
bmw-pga-championship-2026,1,Laurie Canter,840,49,4,5,0.4,,0.4,,,,,,True,BallHoled,Par,2026-09-17T09:52:05.000Z,False,False,666713.4177679333,5696266.702670498,331,feed,
bmw-pga-championship-2026,1,Laurie Canter,840,49,5,1,209.3,3.8,191.41,3.47,Green,OGR,,OBU,False,DetailedLie,,2026-09-17T09:57:45.000Z,False,False,666676.2895770499,5696090.564582635,337,feed,
bmw-pga-championship-2026,1,Laurie Canter,840,49,5,2,4.2,0.5,3.88,0.44,Green,OGR,Green,OGR,False,DetailedLie,,2026-09-17T10:01:52.000Z,False,False,666673.7422338639,5696093.4948229715,341,feed,
bmw-pga-championship-2026,1,Laurie Canter,840,49,5,3,0.5,,0.44,,,,,,True,BallHoled,Par,2026-09-17T10:02:00.000Z,False,False,666674.1206216931,5696093.271416279,344,feed,
bmw-pga-championship-2026,1,Laurie Canter,840,49,6,1,244.7,169.2,223.75,154.73,Fairway,OFW,,,False,DetailedLie,,2026-09-17T10:08:45.000Z,False,False,666554.6497884423,5696088.4925448205,350,feed,
bmw-pga-championship-2026,1,Laurie Canter,840,49,6,2,168.2,10.1,153.82,9.23,Green,OGR,Fairway,OFW,False,DetailedLie,,2026-09-17T10:18:31.000Z,False,False,666405.4430427223,5696127.162259162,354,feed,
bmw-pga-championship-2026,1,Laurie Canter,840,49,6,3,9.9,0.2,9.1,0.14,Green,OGR,Green,OGR,False,DetailedLie,,2026-09-17T10:19:03.000Z,False,False,666402.5491575925,5696118.540404955,358,feed,
bmw-pga-championship-2026,1,Laurie Canter,840,49,6,4,0.2,,0.14,,,,,,True,BallHoled,Par,2026-09-17T10:19:11.000Z,False,False,666402.5066485547,5696118.409277614,361,feed,
bmw-pga-championship-2026,1,Laurie Canter,840,49,7,1,257.4,134.9,235.37,123.35,,ORO,,,False,DetailedLie,,2026-09-17T10:29:32.000Z,False,False,666330.0200121338,5695945.681779042,367,feed,
bmw-pga-championship-2026,1,Laurie Canter,840,49,7,2,125.5,19.5,114.75,17.84,Green,OGR,,ORO,False,DetailedLie,,2026-09-17T10:37:14.000Z,False,False,666301.6703121965,5695834.507415633,371,feed,
bmw-pga-championship-2026,1,Laurie Canter,840,49,7,3,18.9,1.0,17.3,0.92,Green,OGR,Green,OGR,False,DetailedLie,,2026-09-17T10:37:55.000Z,False,False,666284.7833896907,5695830.560620327,375,feed,
bmw-pga-championship-2026,1,Laurie Canter,840,49,7,4,1.0,,0.92,,,,,,True,BallHoled,Par,2026-09-17T10:38:13.000Z,False,False,666284.1043267715,5695831.189628793,378,feed,
bmw-pga-championship-2026,1,Laurie Canter,840,49,8,1,274.2,121.3,250.75,110.9,,ORO,,,False,DetailedLie,,2026-09-17T10:44:58.000Z,False,False,666447.4041588213,5695708.431718071,384,feed,
bmw-pga-championship-2026,1,Laurie Canter,840,49,8,2,124.5,9.4,113.85,8.56,Green,OGR,,ORO,False,DetailedLie,,2026-09-17T10:48:07.000Z,False,False,666561.480176592,5695710.906712881,388,feed,
bmw-pga-championship-2026,1,Laurie Canter,840,49,8,3,9.2,0.3,8.44,0.29,Green,OGR,Green,OGR,False,DetailedLie,,2026-09-17T10:51:18.000Z,False,False,666558.2083716949,5695703.1307689175,392,feed,
bmw-pga-championship-2026,1,Laurie Canter,840,49,8,4,0.3,,0.29,,,,,,True,BallHoled,Par,2026-09-17T10:54:37.000Z,False,False,666558.4137985785,5695702.919111176,395,feed,
bmw-pga-championship-2026,1,Laurie Canter,840,49,9,1,267.8,188.0,244.85,171.93,Fairway,OFW,,,False,DetailedLie,,2026-09-17T06:17:29.000Z,False,False,666276.0635980049,5695681.420270693,81,feed,
bmw-pga-championship-2026,1,Laurie Canter,840,49,9,2,190.4,13.6,174.11,12.42,Green,OGR,Fairway,OFW,False,DetailedLie,,2026-09-17T06:23:15.000Z,False,False,666109.8661421357,5695734.453954299,85,feed,
bmw-pga-championship-2026,1,Laurie Canter,840,49,9,3,13.7,0.1,12.49,0.09,Green,OGR,Green,OGR,False,DetailedLie,,2026-09-17T06:58:58.000Z,False,False,666108.7010137613,5695722.0264730025,89,feed,
bmw-pga-championship-2026,1,Laurie Canter,840,49,9,4,0.1,,0.09,,,,,,True,BallHoled,Par,2026-09-17T06:26:06.000Z,False,False,666108.6468808318,5695722.094165607,92,feed,
bmw-pga-championship-2026,1,Laurie Canter,840,49,10,1,176.6,1.1,161.53,0.98,Green,OGR,,OBU,False,DetailedLie,,2026-09-17T06:30:17.000Z,False,False,666182.972898009,5695805.391016158,27,feed,
bmw-pga-championship-2026,1,Laurie Canter,840,49,10,2,1.1,,0.98,,,,,,True,BallHoled,Birdie,2026-09-17T06:36:16.000Z,False,False,666181.3189541544,5695806.536919699,30,feed,
bmw-pga-championship-2026,1,Laurie Canter,840,49,11,1,277.7,145.3,253.96,132.88,,ORO,,,False,DetailedLie,,2026-09-17T06:44:14.000Z,False,False,666325.8076797728,5696027.207636594,36,feed,
bmw-pga-championship-2026,1,Laurie Canter,840,49,11,2,151.4,12.1,138.45,11.08,Green,OGR,,ORO,False,DetailedLie,,2026-09-17T06:49:15.000Z,False,False,666288.5384888564,5696160.517518057,40,feed,
bmw-pga-championship-2026,1,Laurie Canter,840,49,11,3,12.0,0.2,11.01,0.17,Green,OGR,Green,OGR,False,DetailedLie,,2026-09-17T06:50:31.000Z,False,False,666281.2313644898,5696152.264930287,44,feed,
bmw-pga-championship-2026,1,Laurie Canter,840,49,11,4,0.2,,0.17,,,,,,True,BallHoled,Par,2026-09-17T06:52:46.000Z,False,False,666281.0713158238,5696152.316626566,47,feed,
bmw-pga-championship-2026,1,Laurie Canter,840,49,12,1,302.1,212.5,276.21,194.32,Fairway,OFW,,,False,DetailedLie,,2026-09-17T07:00:00.000Z,False,False,666000.9915994334,5696246.160390935,73,feed,
bmw-pga-championship-2026,1,Laurie Canter,840,49,12,2,191.7,21.0,175.31,19.2,Fairway,OFW,,,False,DetailedLie,,2026-09-17T07:05:25.000Z,False,False,665837.0073101885,5696183.193765294,97,feed,
bmw-pga-championship-2026,1,Laurie Canter,840,49,12,3,21.4,0.5,19.6,0.42,Green,OGR,Fairway,OFW,False,DetailedLie,,2026-09-17T07:06:56.000Z,False,False,665817.839233343,5696178.885043813,101,feed,
bmw-pga-championship-2026,1,Laurie Canter,840,49,12,4,0.5,,0.42,,,,,,True,BallHoled,Birdie,2026-09-17T07:11:02.000Z,False,False,665818.204563663,5696179.086978698,104,feed,
bmw-pga-championship-2026,1,Laurie Canter,840,49,13,1,280.8,185.2,256.74,169.36,Fairway,OFW,,,False,DetailedLie,,2026-09-17T07:17:20.000Z,False,False,665953.937019252,5696355.306835904,110,feed,
bmw-pga-championship-2026,1,Laurie Canter,840,49,13,2,188.0,4.7,171.91,4.32,Green,OGR,Fairway,OFW,False,DetailedLie,,2026-09-17T07:24:34.000Z,False,False,666036.3015573322,5696506.256825136,114,feed,
bmw-pga-championship-2026,1,Laurie Canter,840,49,13,3,4.8,0.2,4.35,0.14,Green,OGR,Green,OGR,False,DetailedLie,,2026-09-17T07:27:29.000Z,False,False,666031.9692210811,5696505.770514927,118,feed,
bmw-pga-championship-2026,1,Laurie Canter,840,49,13,4,0.2,,0.14,,,,,,True,BallHoled,Par,2026-09-17T07:27:39.000Z,False,False,666032.0193047605,5696505.641008908,121,feed,
bmw-pga-championship-2026,1,Laurie Canter,840,49,14,1,178.3,1.4,163.0,1.26,Green,OGR,,OBU,False,DetailedLie,,2026-09-17T07:32:18.000Z,False,False,666157.5377415607,5696654.846132471,157,feed,
bmw-pga-championship-2026,1,Laurie Canter,840,49,14,2,1.5,0.3,1.37,0.26,Green,OGR,Green,OGR,False,DetailedLie,,2026-09-17T07:36:25.000Z,False,False,666157.3826143615,5696656.203218181,161,feed,
bmw-pga-championship-2026,1,Laurie Canter,840,49,14,3,0.3,,0.26,,,,,,True,BallHoled,Par,2026-09-17T07:36:29.000Z,False,False,666157.6244028842,5696656.100406072,164,feed,
bmw-pga-championship-2026,1,Laurie Canter,840,49,15,1,311.9,180.3,285.22,164.89,,ODO,,,False,DetailedLie,,2026-09-17T07:43:14.000Z,False,False,666398.2954308186,5696845.86184261,170,feed,
bmw-pga-championship-2026,1,Laurie Canter,840,49,15,2,,180.3,,164.84,,ORO,,,False,Penalty,,2026-09-17T07:43:47.000Z,False,True,666397.9298146414,5696846.335054583,172,feed,
bmw-pga-championship-2026,1,Laurie Canter,840,49,15,3,175.6,17.1,160.55,15.67,Green,OGR,,ORO,False,DetailedLie,,2026-09-17T07:48:42.000Z,False,False,666525.0037963218,5696944.818568847,176,feed,
bmw-pga-championship-2026,1,Laurie Canter,840,49,15,4,17.3,0.2,15.81,0.15,Green,OGR,Green,OGR,False,DetailedLie,,2026-09-17T07:49:57.000Z,False,False,666518.3605580082,5696959.165314627,180,feed,
bmw-pga-championship-2026,1,Laurie Canter,840,49,15,5,0.2,,0.15,,,,,,True,BallHoled,Bogey,2026-09-17T07:50:16.000Z,False,False,666518.4529245328,5696959.051407026,183,feed,
bmw-pga-championship-2026,1,Laurie Canter,840,49,16,1,228.5,143.6,208.96,131.32,Fairway,OFW,,,False,DetailedLie,,2026-09-17T07:55:42.000Z,False,False,666629.7210418045,5697091.686592456,189,feed,
bmw-pga-championship-2026,1,Laurie Canter,840,49,16,2,135.1,31.6,123.52,28.89,,ORO,,,False,DetailedLie,,2026-09-17T08:00:47.000Z,True,False,666731.8776387552,5697161.446455007,193,feed,
bmw-pga-championship-2026,1,Laurie Canter,840,49,16,2,148.4,9.0,135.69,8.22,Green,OGR,,,False,DetailedLie,,2026-09-17T08:00:47.000Z,True,False,666717.2836223734,5697195.479984357,197,feed,
bmw-pga-championship-2026,1,Laurie Canter,840,49,16,3,,30.7,,28.09,,ORO,,,False,Penalty,,2026-09-17T08:03:14.000Z,False,True,666730.497630706,5697161.709191715,201,feed,
bmw-pga-championship-2026,1,Laurie Canter,840,49,16,4,39.9,9.5,36.44,8.65,Green,OGR,,ORO,False,DetailedLie,,2026-09-17T08:07:11.000Z,False,False,666718.7887004745,5697196.210295497,206,feed,
bmw-pga-championship-2026,1,Laurie Canter,840,49,16,5,9.7,0.3,8.85,0.24,Green,OGR,Green,OGR,False,DetailedLie,,2026-09-17T08:09:18.000Z,False,False,666719.4857925386,5697187.3884427035,210,feed,
bmw-pga-championship-2026,1,Laurie Canter,840,49,16,6,0.3,,0.24,,,,,,True,BallHoled,DoubleBogeyOrWorse,2026-09-17T08:09:27.000Z,False,False,666719.5963170751,5697187.598848323,213,feed,
bmw-pga-championship-2026,1,Laurie Canter,840,49,17,1,362.9,278.7,331.8,254.83,,ORO,,,False,DetailedLie,,2026-09-17T08:20:44.000Z,False,False,667077.0246790684,5697231.7795904465,219,feed,
bmw-pga-championship-2026,1,Laurie Canter,840,49,17,2,268.6,10.7,245.57,9.78,Green,OGR,,ORO,False,DetailedLie,,2026-09-17T08:29:06.000Z,False,False,667201.2176230156,5697443.731120034,226,feed,
bmw-pga-championship-2026,1,Laurie Canter,840,49,17,3,13.0,2.4,11.9,2.22,Green,OGR,Green,OGR,False,DetailedLie,,2026-09-17T08:32:16.000Z,False,False,667204.2598852225,5697455.232025176,230,feed,
bmw-pga-championship-2026,1,Laurie Canter,840,49,17,4,2.4,,2.22,,,,,,True,BallHoled,Birdie,2026-09-17T08:34:15.000Z,False,False,667203.1437747603,5697453.3161691865,233,feed,
bmw-pga-championship-2026,1,Laurie Canter,840,49,18,1,314.4,193.2,287.45,176.67,Fairway,OFW,,,False,DetailedLie,,2026-09-17T08:42:47.000Z,False,False,667573.9896107884,5697390.031779246,239,feed,
bmw-pga-championship-2026,1,Laurie Canter,840,49,18,2,196.3,10.5,179.51,9.59,,OGS,,,False,DetailedLie,,2026-09-17T08:47:46.000Z,False,False,667595.5807866311,5697211.887727269,243,feed,
bmw-pga-championship-2026,1,Laurie Canter,840,49,18,3,28.0,18.0,25.61,16.42,,OWA,,,False,DetailedLie,,2026-09-17T08:51:07.000Z,False,False,667620.651558105,5697217.386519807,247,feed,
bmw-pga-championship-2026,1,Laurie Canter,840,49,18,4,,23.6,,21.54,,ORO,,,False,Penalty,,2026-09-17T08:51:44.000Z,False,True,667625.6984132533,5697218.4855030235,249,feed,
bmw-pga-championship-2026,1,Laurie Canter,840,49,18,5,17.3,6.6,15.82,6.07,Green,OGR,,ORO,False,DetailedLie,,2026-09-17T08:53:23.000Z,False,False,667609.8452134208,5697218.402604908,254,feed,
bmw-pga-championship-2026,1,Laurie Canter,840,49,18,6,6.7,0.1,6.16,0.12,Green,OGR,Green,OGR,False,DetailedLie,,2026-09-17T08:55:17.000Z,False,False,667604.1331354491,5697216.059544402,258,feed,
bmw-pga-championship-2026,1,Laurie Canter,840,49,18,7,0.1,,0.12,,,,,,True,BallHoled,DoubleBogeyOrWorse,2026-09-17T08:55:19.000Z,False,False,667604.2492889115,5697216.028090955,261,feed,
bmw-pga-championship-2026,2,Laurie Canter,840,49,1,1,269.6,197.6,246.48,180.66,,ORO,,,False,DetailedLie,,2026-09-18T11:22:56.000Z,False,False,667370.1663759642,5697073.283334513,6,feed,
bmw-pga-championship-2026,2,Laurie Canter,840,49,1,2,181.6,17.7,166.05,16.14,,OCO,,,False,DetailedLie,,2026-09-18T11:30:01.000Z,False,False,667208.26558216,5697111.698209376,10,feed,
bmw-pga-championship-2026,2,Laurie Canter,840,49,1,3,19.1,1.5,17.46,1.35,Green,OGR,,OCO,False,DetailedLie,,2026-09-18T11:31:39.000Z,False,False,667191.2871314021,5697107.483906643,14,feed,
bmw-pga-championship-2026,2,Laurie Canter,840,49,1,4,1.7,0.3,1.54,0.24,Green,OGR,Green,OGR,False,DetailedLie,,2026-09-18T11:33:51.000Z,False,False,667192.734165038,5697108.0258584,19,feed,
bmw-pga-championship-2026,2,Laurie Canter,840,49,1,5,0.3,,0.24,,,,,,True,BallHoled,Bogey,2026-09-18T11:33:53.000Z,False,False,667192.4971530352,5697108.077157115,22,feed,
bmw-pga-championship-2026,2,Laurie Canter,840,49,2,1,142.7,11.2,130.45,10.25,Green,OGR,,OBU,False,DetailedLie,,2026-09-18T11:38:12.000Z,False,False,667186.4798479741,5696983.435133114,32,feed,
bmw-pga-championship-2026,2,Laurie Canter,840,49,2,2,10.4,1.1,9.5,0.96,Green,OGR,Green,OGR,False,DetailedLie,,2026-09-18T11:41:00.000Z,False,False,667182.2596145029,5696974.918497465,36,feed,
bmw-pga-championship-2026,2,Laurie Canter,840,49,2,3,1.6,0.6,1.48,0.52,Green,OGR,Green,OGR,False,DetailedLie,,2026-09-18T11:43:46.000Z,False,False,667180.8956864802,5696974.332627614,40,feed,
bmw-pga-championship-2026,2,Laurie Canter,840,49,2,4,0.6,,0.52,,,,,,True,BallHoled,Bogey,2026-09-18T11:44:07.000Z,False,False,667181.3727573857,5696974.545187275,43,feed,
bmw-pga-championship-2026,2,Laurie Canter,840,49,3,1,273.6,186.1,250.23,170.14,Fairway,OFW,,,False,DetailedLie,,2026-09-18T11:50:12.000Z,False,False,666943.7421657547,5696859.228939886,49,feed,
bmw-pga-championship-2026,2,Laurie Canter,840,49,3,2,194.1,16.3,177.47,14.88,,ORO,,,False,DetailedLie,,2026-09-18T11:55:43.000Z,False,False,666782.7706029271,5696783.742983558,53,feed,
bmw-pga-championship-2026,2,Laurie Canter,840,49,3,3,16.3,1.5,14.95,1.36,Green,OGR,,ORO,False,DetailedLie,,2026-09-18T11:57:38.000Z,False,False,666785.8051278867,5696798.378115462,57,feed,
bmw-pga-championship-2026,2,Laurie Canter,840,49,3,4,1.5,,1.36,,,,,,True,BallHoled,Par,2026-09-18T12:00:23.000Z,False,False,666784.4482875179,5696798.518397193,60,feed,
bmw-pga-championship-2026,2,Laurie Canter,840,49,4,1,323.6,227.9,295.9,208.43,Fairway,OFW,,,False,DetailedLie,,2026-09-18T12:08:20.000Z,False,False,666644.86167694,5696470.397626436,66,feed,
bmw-pga-championship-2026,2,Laurie Canter,840,49,4,2,225.2,13.8,205.94,12.66,,OIR,,,False,DetailedLie,,2026-09-18T12:14:49.000Z,False,False,666707.9848699762,5696274.408757051,70,feed,
bmw-pga-championship-2026,2,Laurie Canter,840,49,4,3,14.5,0.7,13.25,0.64,Green,OGR,,OIR,False,DetailedLie,,2026-09-18T12:16:41.000Z,False,False,666721.1631570754,5696276.052591408,74,feed,
bmw-pga-championship-2026,2,Laurie Canter,840,49,4,4,0.7,,0.64,,,,,,True,BallHoled,Birdie,2026-09-18T12:19:56.000Z,False,False,666720.5403311782,5696276.214628459,77,feed,
bmw-pga-championship-2026,2,Laurie Canter,840,49,5,1,213.2,18.3,194.91,16.75,,OIR,,,False,DetailedLie,,2026-09-18T12:26:45.000Z,False,False,666666.8487728212,5696088.315348904,83,feed,
bmw-pga-championship-2026,2,Laurie Canter,840,49,5,2,17.4,0.9,15.96,0.8,Green,OGR,,OIR,False,DetailedLie,,2026-09-18T12:27:33.000Z,False,False,666681.6448582418,5696082.268221928,87,feed,
bmw-pga-championship-2026,2,Laurie Canter,840,49,5,3,0.9,,0.8,,,,,,True,BallHoled,Par,2026-09-18T12:32:32.000Z,False,False,666682.3896087265,5696081.9845797,90,feed,
bmw-pga-championship-2026,2,Laurie Canter,840,49,6,1,298.1,126.7,272.61,115.89,Fairway,OFW,,,False,DetailedLie,,2026-09-18T12:37:14.000Z,False,False,666503.1752737365,5696084.320132157,96,feed,
bmw-pga-championship-2026,2,Laurie Canter,840,49,6,2,135.0,11.1,123.41,10.14,,ORO,,,False,DetailedLie,,2026-09-18T12:42:55.000Z,False,False,666392.8623411255,5696140.1025188565,100,feed,
bmw-pga-championship-2026,2,Laurie Canter,840,49,6,3,9.6,1.5,8.76,1.39,Green,OGR,,ORO,False,DetailedLie,,2026-09-18T12:44:56.000Z,False,False,666396.2543773572,5696132.031032357,104,feed,
bmw-pga-championship-2026,2,Laurie Canter,840,49,6,4,1.5,,1.39,,,,,,True,BallHoled,Par,2026-09-18T12:47:33.000Z,False,False,666396.7675030093,5696130.7424751865,108,feed,
bmw-pga-championship-2026,2,Laurie Canter,840,49,7,1,255.5,148.0,233.6,135.34,Fairway,OFW,,,False,DetailedLie,,2026-09-18T12:53:05.000Z,False,False,666355.1966449844,5695942.967217364,114,feed,
bmw-pga-championship-2026,2,Laurie Canter,840,49,7,2,158.8,14.3,145.22,13.1,,ORO,,,False,DetailedLie,,2026-09-18T13:00:26.000Z,False,False,666279.1062168109,5695819.207772638,120,feed,
bmw-pga-championship-2026,2,Laurie Canter,840,49,7,3,32.6,19.0,29.85,17.35,Green,OGR,,ORO,False,DetailedLie,,2026-09-18T13:02:47.000Z,False,False,666304.3865393954,5695835.1651253505,124,feed,
bmw-pga-championship-2026,2,Laurie Canter,840,49,7,4,25.1,6.7,22.99,6.08,,OIR,,,False,DetailedLie,,2026-09-18T13:04:21.000Z,False,False,666289.2014481769,5695817.876316911,128,feed,
bmw-pga-championship-2026,2,Laurie Canter,840,49,7,5,6.5,0.2,5.93,0.16,Green,OGR,,OIR,False,DetailedLie,,2026-09-18T13:05:00.000Z,False,False,666291.5097998993,5695823.344192746,132,feed,
bmw-pga-championship-2026,2,Laurie Canter,840,49,7,6,0.2,,0.16,,,,,,True,BallHoled,DoubleBogeyOrWorse,2026-09-18T13:05:01.000Z,False,False,666291.5054070213,5695823.506535986,135,feed,
bmw-pga-championship-2026,2,Laurie Canter,840,49,8,1,241.1,148.5,220.46,135.75,Fairway,OFW,,,False,DetailedLie,,2026-09-18T13:13:34.000Z,False,False,666423.7797286982,5695730.798360294,142,feed,
bmw-pga-championship-2026,2,Laurie Canter,840,49,8,2,154.0,5.6,140.81,5.09,Green,OGR,Fairway,OFW,False,DetailedLie,,2026-09-18T13:18:14.000Z,False,False,666563.6247747226,5695711.90974631,146,feed,
bmw-pga-championship-2026,2,Laurie Canter,840,49,8,3,6.5,0.9,5.95,0.85,Green,OGR,Green,OGR,False,DetailedLie,,2026-09-18T13:22:15.000Z,False,False,666557.6665858763,5695712.032326301,152,feed,
bmw-pga-championship-2026,2,Laurie Canter,840,49,8,4,0.9,,0.85,,,,,,True,BallHoled,Par,2026-09-18T13:22:19.000Z,False,False,666558.5196406437,5695712.014686478,155,feed,
bmw-pga-championship-2026,2,Laurie Canter,840,49,9,1,263.2,179.1,240.7,163.75,Fairway,OFW,,,False,DetailedLie,,2026-09-18T13:27:39.000Z,False,False,666281.2333719237,5695686.141772588,161,feed,
bmw-pga-championship-2026,2,Laurie Canter,840,49,9,2,196.2,21.0,179.41,19.16,Green,OGR,Fairway,OFW,False,DetailedLie,,2026-09-18T13:35:12.000Z,False,False,666105.3929148428,5695723.579047265,165,feed,
bmw-pga-championship-2026,2,Laurie Canter,840,49,9,3,21.3,0.3,19.46,0.3,Green,OGR,Green,OGR,False,DetailedLie,,2026-09-18T13:36:41.000Z,False,False,666123.5682267129,5695730.636678192,169,feed,
bmw-pga-championship-2026,2,Laurie Canter,840,49,9,4,0.3,,0.3,,,,,,True,BallHoled,Par,2026-09-18T13:36:52.000Z,False,False,666123.2814441007,5695730.552617653,172,feed,
bmw-pga-championship-2026,2,Laurie Canter,840,49,10,1,169.3,16.1,154.82,14.76,Green,OGR,,OBU,False,DetailedLie,,2026-09-18T13:43:00.000Z,False,False,666176.7803871739,5695806.439369634,178,feed,
bmw-pga-championship-2026,2,Laurie Canter,840,49,10,2,14.5,1.6,13.27,1.5,Green,OGR,Green,OGR,False,DetailedLie,,2026-09-18T13:46:03.000Z,False,False,666189.3593675415,5695810.749187347,182,feed,
bmw-pga-championship-2026,2,Laurie Canter,840,49,10,3,2.1,0.5,1.95,0.46,Green,OGR,Green,OGR,False,DetailedLie,,2026-09-18T13:47:53.000Z,False,False,666191.0743087196,5695811.6820801,186,feed,
bmw-pga-championship-2026,2,Laurie Canter,840,49,10,4,0.5,,0.46,,,,,,True,BallHoled,Bogey,2026-09-18T13:47:55.000Z,False,False,666190.7039454496,5695811.414122079,189,feed,
bmw-pga-championship-2026,2,Laurie Canter,840,49,11,1,296.8,130.6,271.41,119.45,Fairway,OFW,,,False,DetailedLie,,2026-09-18T13:53:43.000Z,False,False,666322.1953533103,5696046.327730645,195,feed,
bmw-pga-championship-2026,2,Laurie Canter,840,49,11,2,114.1,16.5,104.36,15.1,Green,OGR,Fairway,OFW,False,DetailedLie,,2026-09-18T13:57:32.000Z,False,False,666288.2565755751,5696145.002284115,199,feed,
bmw-pga-championship-2026,2,Laurie Canter,840,49,11,3,17.3,1.8,15.83,1.63,Green,OGR,Green,OGR,False,DetailedLie,,2026-09-18T13:59:10.000Z,False,False,666281.1297779524,5696159.137639587,203,feed,
bmw-pga-championship-2026,2,Laurie Canter,840,49,11,4,1.8,,1.63,,,,,,True,BallHoled,Par,2026-09-18T14:02:36.000Z,False,False,666282.7579202219,5696159.059145593,206,feed,
bmw-pga-championship-2026,2,Laurie Canter,840,49,12,1,291.9,225.4,266.93,206.08,Fairway,OFW,,,False,DetailedLie,,2026-09-18T14:09:57.000Z,False,False,666006.5019992129,5696229.117160412,212,feed,
bmw-pga-championship-2026,2,Laurie Canter,840,49,12,2,227.6,12.6,208.11,11.56,,ORO,,,False,DetailedLie,,2026-09-18T14:14:48.000Z,False,False,665801.9792284435,5696188.258694539,216,feed,
bmw-pga-championship-2026,2,Laurie Canter,840,49,12,3,11.7,1.2,10.73,1.11,Green,OGR,,ORO,False,DetailedLie,,2026-09-18T14:15:54.000Z,False,False,665806.8199603611,5696178.685252484,220,feed,
bmw-pga-championship-2026,2,Laurie Canter,840,49,12,4,1.2,,1.11,,,,,,True,BallHoled,Birdie,2026-09-18T14:19:03.000Z,False,False,665806.5069889234,5696177.619267763,223,feed,
bmw-pga-championship-2026,2,Laurie Canter,840,49,13,1,279.8,172.1,255.82,157.34,Fairway,OFW,,,False,DetailedLie,,2026-09-18T14:25:10.000Z,False,False,665939.9367867664,5696367.800736351,229,feed,
bmw-pga-championship-2026,2,Laurie Canter,840,49,13,2,64.4,132.5,58.89,121.18,Fairway,OFW,,,False,DetailedLie,,2026-09-18T14:28:41.000Z,False,False,665997.56885843,5696380.490220123,233,feed,
bmw-pga-championship-2026,2,Laurie Canter,840,49,13,3,136.8,5.6,125.1,5.08,Green,OGR,Fairway,OFW,False,DetailedLie,,2026-09-18T14:33:02.000Z,False,False,666033.4659668425,5696500.314726191,238,feed,
bmw-pga-championship-2026,2,Laurie Canter,840,49,13,4,5.6,0.1,5.1,0.1,Green,OGR,Green,OGR,False,DetailedLie,,2026-09-18T14:33:32.000Z,False,False,666029.3140920404,5696497.333929439,242,feed,
bmw-pga-championship-2026,2,Laurie Canter,840,49,13,5,0.1,,0.1,,,,,,True,BallHoled,Bogey,2026-09-18T14:33:34.000Z,False,False,666029.276615174,5696497.425972127,245,feed,
bmw-pga-championship-2026,2,Laurie Canter,840,49,14,1,170.1,7.5,155.5,6.85,Green,OGR,,OBU,False,DetailedLie,,2026-09-18T14:41:41.000Z,False,False,666160.3067924816,5696640.979101336,251,feed,
bmw-pga-championship-2026,2,Laurie Canter,840,49,14,2,7.5,0.1,6.85,0.08,Green,OGR,Green,OGR,False,DetailedLie,,2026-09-18T14:43:49.000Z,False,False,666164.7470261664,5696646.208554018,258,feed,
bmw-pga-championship-2026,2,Laurie Canter,840,49,14,3,0.1,,0.08,,,,,,True,BallHoled,Par,2026-09-18T14:43:51.000Z,False,False,666164.6828321108,5696646.256661145,261,feed,
bmw-pga-championship-2026,2,Laurie Canter,840,49,15,1,315.1,172.1,288.15,157.33,Fairway,OFW,,,False,DetailedLie,,2026-09-18T14:52:13.000Z,False,False,666394.5580759554,5696854.332550172,267,feed,
bmw-pga-championship-2026,2,Laurie Canter,840,49,15,2,163.1,9.1,149.17,8.36,Green,OGR,Fairway,OFW,False,DetailedLie,,2026-09-18T14:59:04.000Z,False,False,666514.9147469224,5696942.809585934,271,feed,
bmw-pga-championship-2026,2,Laurie Canter,840,49,15,3,8.3,0.9,7.58,0.81,Green,OGR,Green,OGR,False,DetailedLie,,2026-09-18T14:59:44.000Z,False,False,666521.8020232611,5696946.001470749,275,feed,
bmw-pga-championship-2026,2,Laurie Canter,840,49,15,4,0.9,,0.81,,,,,,True,BallHoled,Par,2026-09-18T14:59:49.000Z,False,False,666522.5955361874,5696946.15239823,278,feed,
bmw-pga-championship-2026,2,Laurie Canter,840,49,16,1,289.8,77.4,264.97,70.74,,ORO,,,False,DetailedLie,,2026-09-18T15:10:21.000Z,False,False,666667.6390878703,5697137.476235731,284,feed,
bmw-pga-championship-2026,2,Laurie Canter,840,49,16,2,81.4,7.0,74.47,6.44,Green,OGR,,ORO,False,DetailedLie,,2026-09-18T15:13:57.000Z,False,False,666718.381311168,5697192.073194091,289,feed,
bmw-pga-championship-2026,2,Laurie Canter,840,49,16,3,8.3,1.2,7.56,1.11,Green,OGR,Green,OGR,False,DetailedLie,,2026-09-18T15:18:54.000Z,False,False,666710.8374828579,5697192.731411203,293,feed,
bmw-pga-championship-2026,2,Laurie Canter,840,49,16,4,1.2,,1.11,,,,,,True,BallHoled,Par,2026-09-18T15:19:05.000Z,False,False,666711.9536765503,5697192.683877085,296,feed,
bmw-pga-championship-2026,2,Laurie Canter,840,49,17,1,339.2,262.7,310.15,240.22,Fairway,OFW,,,False,DetailedLie,,2026-09-18T15:27:05.000Z,False,False,667052.2318490645,5697254.6459881,319,feed,
bmw-pga-championship-2026,2,Laurie Canter,840,49,17,2,258.7,11.4,236.6,10.45,,ORO,,,False,DetailedLie,,2026-09-18T15:36:05.000Z,False,False,667185.7119873537,5697450.154485151,323,feed,
bmw-pga-championship-2026,2,Laurie Canter,840,49,17,3,13.0,1.6,11.9,1.44,Green,OGR,,ORO,False,DetailedLie,,2026-09-18T15:39:54.000Z,False,False,667197.2222063324,5697447.0520788245,327,feed,
bmw-pga-championship-2026,2,Laurie Canter,840,49,17,4,1.6,,1.44,,,,,,True,BallHoled,Birdie,2026-09-18T15:43:26.000Z,False,False,667195.8222870895,5697447.414971397,330,feed,
bmw-pga-championship-2026,2,Laurie Canter,840,49,18,1,291.2,220.4,266.28,201.52,Fairway,OFW,,,False,DetailedLie,,2026-09-18T15:53:09.000Z,False,False,667554.9325824417,5697395.292330433,337,feed,
bmw-pga-championship-2026,2,Laurie Canter,840,49,18,2,187.6,33.0,171.55,30.15,,OWA,,,False,DetailedLie,,2026-09-18T16:01:32.000Z,False,False,667602.0920720126,5697230.388446609,341,feed,
bmw-pga-championship-2026,2,Laurie Canter,840,49,18,3,,74.5,,68.1,Fairway,OFW,,,False,Penalty,,2026-09-18T16:01:35.000Z,False,True,667600.0779358061,5697269.27451583,343,feed,
bmw-pga-championship-2026,2,Laurie Canter,840,49,18,4,71.3,3.9,65.24,3.56,Green,OGR,Fairway,OFW,False,DetailedLie,,2026-09-18T16:03:06.000Z,False,False,667611.1146860721,5697204.99997776,347,feed,
bmw-pga-championship-2026,2,Laurie Canter,840,49,18,5,3.9,,3.56,,,,,,True,BallHoled,Par,2026-09-18T16:06:41.000Z,False,False,667613.7243957575,5697202.575781711,350,feed,
